ano,id_region,comuna,nombre_electo,partido,votacion_candidato,total,porcentaje
2004,1,ALTO HOSPICIO,GALLEGUILLOS CASTILLO RAMON,UDI,3482,9751,35.71
2004,1,ARICA,VALCARCE MEDINA CARLOS,RN,29344,64818,45.27
2004,1,CAMARONES,SALGADO HENRIQUEZ SONIA ELIZABETH,PDC,1777,2806,63.33
2004,1,CAMIÑA,GARCIA CACERES SIXTO,RN,1256,2129,58.99
2004,1,COLCHANE,MAMANI CASTRO HONORIO,PPD,574,1130,50.80
2004,1,GENERAL LAGOS,MENDOZA CHURA GREGORIO MARIO,RN,561,1143,49.08
2004,1,HUARA,ROCHA PANTOJA FELIPE GUILLERMO,PRSD,739,2732,27.05
2004,1,IQUIQUE,SORIA QUIROGA JORGE ALEJANDRO,IND,33602,65105,51.61
2004,1,PICA,INFANTE CHACON IVAN,IND,1841,3064,60.08
2004,1,POZO ALMONTE,SMITH MARIN AUGUSTO ENRIQUE,RN,2431,4419,55.01
2004,1,PUTRE,HUMIRE ALEJANDRO FRANCISCO,UDI,1672,3245,51.53
2004,2,ANTOFAGASTA,ADARO SILVA DANIEL,IND,56946,96390,59.08
2004,2,CALAMA,MOLINA HENRIQUEZ ARTURO,PDC,22759,49418,46.05
2004,2,MARIA ELENA,LAMBERT ESCOBAR SANTIAGO ALBERTO,UDI,1412,3515,40.17
2004,2,MEJILLONES,CARVAJAL FERREIRA MARCELINO,PPD,2436,4384,55.57
2004,2,OLLAGUE,REYGADAS BAVESTRELLO CARLOS,UDI,450,923,48.75
2004,2,SAN PEDRO DE ATACAMA,BERNA MARTINEZ SANDRA,PDC,1387,2665,52.05
2004,2,SIERRA GORDA,LOPEZ VEGA CARLOS,RN,813,2704,30.07
2004,2,TALTAL,HIDALGO OCAMPO GUILLERMO,PS,2397,4821,49.72
2004,2,TOCOPILLA,MOYANO CRUZ LUIS RAFAEL,IND,3786,10765,35.17
2004,3,ALTO DEL CARMEN,BOU BOU CARMEN ANTONIA,IND,1434,2915,49.19
2004,3,CALDERA,GONZALEZ ANJEL BRUNILDA,IND,3850,6148,62.62
2004,3,CHAÑARAL,VOLTA ROJAS HECTOR ANTONIO,PRSD,4384,5989,73.20
2004,3,COPIAPO,LOPEZ RIVERA MARCOS,PS,22261,44510,50.01
2004,3,DIEGO DE ALMAGRO,ZAVALA TORRES ISAIAS FLORENCIO,PCCH,3978,7607,52.29
2004,3,FREIRINA,CEPEDA ALTAMIRANO LEONEL ERNESTO,PDC,1143,2947,38.79
2004,3,HUASCO,SABANDO SANTIBAÑEZ JUAN IVAN,PPD,2833,4014,70.58
2004,3,TIERRA AMARILLA,DELGADO QUEVEDO YHANSS,PS,2393,5571,42.95
2004,3,VALLENAR,SANTANA ALVAREZ JUAN HORACIO,PS,10659,21055,50.62
2004,4,ANDACOLLO,ORDENES GONZALEZ JORGE,PDC,3103,6197,50.07
2004,4,CANELA,TRIGO GONZALEZ NATHAN JOB,PCCH,2654,5072,52.33
2004,4,COMBARBALA,CONTADOR PEREZ HECTOR,PRSD,2125,6972,30.48
2004,4,COQUIMBO,VELASQUEZ SEGUEL PEDRO ANTONIO,PDC,42981,56911,75.52
2004,4,ILLAPEL,LEMUS ARACENA LUIS,PS,10562,12864,82.11
2004,4,LA HIGUERA,ALEGRIA BARRAZA EFRAIN,PS,1209,2179,55.48
2004,4,LA SERENA,SALDIVAR AUGER RAUL,PS,36193,61742,58.62
2004,4,LOS VILOS,SALINAS ALTAMIRANO CARLOS,PS,4042,8298,48.71
2004,4,MONTE PATRIA,CASTILLO BOILET JUAN CARLOS,PDC,7328,13704,53.47
2004,4,OVALLE,LOBOS INZUNZA MARTA,IND,18234,38766,47.04
2004,4,PAIHUANO,TORRES MEDINA LORENZO ROBERTO,PPD,1507,2463,61.19
2004,4,PUNITAQUI,ARAYA RIVERA BLAS OSCAR HUMBERTO,PPD,3457,5292,65.33
2004,4,RIO HURTADO,ZAPATA PASTEN LIDIA,PDC,1363,2640,51.63
2004,4,SALAMANCA,ROJAS ESCUDERO GERARDO,PPD,4857,10399,46.71
2004,4,VICUÑA,TORRES ESPEJO GLORIA,IND,3774,10801,34.94
2004,5,ALGARROBO,URQUIZA TAPIA GUILLERMO FRANCISCO,IND,2891,5684,50.86
2004,5,CABILDO,CERDA LECAROS EDUARDO,PDC,5207,9347,55.71
2004,5,CALERA,CHAHUAN CHAHUAN ROBERTO,RN,10712,22309,48.02
2004,5,CALLE LARGA,VIAL LIRA FRANCISCO JAVIER,UDI,2672,5448,49.05
2004,5,CARTAGENA,CARTAGENA POLANCO OSVALDO,IND,3122,9267,33.69
2004,5,CASABLANCA,VERA DELGADO MANUEL JESUS,PDC,6414,9665,66.36
2004,5,CATEMU,LUKSIC NIETO BORIS,RN,3202,6543,48.94
2004,5,CONCON,SUMONTE GONZALEZ OSCAR,IND,5295,14083,37.60
2004,5,EL QUISCO,CARRASCO NUÑEZ JOSE MIGUEL,PDC,3332,6177,53.94
2004,5,EL TABO,PEREZ GARCIA JOSE OSVALDO,UDI,3216,5402,59.53
2004,5,HIJUELAS,PUELMA TROUVE CARLOS,RN,3557,7670,46.38
2004,5,ISLA DE PASCUA,EDMUNDS PAOA PEDRO PABLO,PDC,1004,1706,58.85
2004,5,JUAN FERNANDEZ,GONZALEZ CHARPENTIER LEOPOLDO,RN,211,392,53.83
2004,5,LA CRUZ,LARRONDO LABORDE MAITE,UDI,3635,6390,56.89
2004,5,LA LIGUA,SANCHEZ BAÑADOS RAUL,PCCH,6911,15096,45.78
2004,5,LIMACHE,IRARRAZABAL JAQUE GERMAN EDUARDO,IND,9184,16961,54.15
2004,5,LLAY-LLAY,MARILLANCA RAMIREZ MARIO,PDC,6579,10721,61.37
2004,5,LOS ANDES,RIVERA MARTINEZ MANUEL,UDI,14575,25647,56.83
2004,5,NOGALES,CORTES PUEBLA OSCAR,PDC,4506,10305,43.73
2004,5,OLMUE,ARANDA MIRANDA TOMAS,IND,3557,7558,47.06
2004,5,PANQUEHUE,AHUMADA ORTEGA RENE,PDC,2088,3382,61.74
2004,5,PAPUDO,PRIETO VALDES ROSA,RN,1923,3181,60.45
2004,5,PETORCA,TORO TORO OSVALDO,PDC,2142,4989,42.93
2004,5,PUCHUNCAVI,VALENCIA GARCIA AGUSTIN,IND,2955,7360,40.15
2004,5,PUTAENDO,MARTINEZ JARUFE ROBERTO,RN,3052,7039,43.36
2004,5,QUILLOTA,MELLA GAJARDO LUIS,PDC,18562,33066,56.14
2004,5,QUILPUE,VIÑAMBRES ADASME MAURICIO,PS,21946,49098,44.70
2004,5,QUINTERO,VARGAS VERDEJO RAUL ANTONIO,IND,4988,10547,47.29
2004,5,RINCONADA,GALDAMES CARMONA JUAN,UDI,2481,4498,55.16
2004,5,SAN ANTONIO,VERA CASTRO OMAR,IND,14275,38555,37.03
2004,5,SAN ESTEBAN,MARDONES VALENCIA RENE,IND,2985,7146,41.77
2004,5,SAN FELIPE,AMAR AMAR JAIME ROBINSON,RN,14812,26506,55.88
2004,5,SANTA MARIA,ZURITA IBARRA CLAUDIO,PPD,4158,6618,62.83
2004,5,SANTO DOMINGO,RODRIGUEZ VICUÑA FERNANDO,RN,4528,6055,74.78
2004,5,VALPARAISO,CORNEJO GONZALEZ ALDO,PDC,63230,122405,51.66
2004,5,VILLA ALEMANA,BUSTAMANTE BERTOGLIO RAUL,UDI,14810,32568,45.47
2004,5,VIÑA DEL MAR,REGINATO BOZZO VIRGINIA,UDI,61686,128824,47.88
2004,5,ZAPALLAR,COX URREJOLA NICOLAS,RN,2133,3865,55.19
2004,6,CHEPICA,RODRIGUEZ CRUZ MIRIAM,PS,3546,7543,47.01
2004,6,CHIMBARONGO,MELLADO PINO COSME,PDC,9242,15507,59.60
2004,6,CODEGUA,SILVA ACEVEDO JOSE EDUARDO,PDC,3417,5584,61.19
2004,6,COINCO,VALENZUELA ABARCA GREGORIO,RN,2146,3822,56.15
2004,6,COLTAUCO,VIAL RODRIGUEZ ROSA,IND,3872,7051,54.91
2004,6,DOÑIHUE,BASTIAS ESPINOZA BELISARIO,IND,5981,9351,63.96
2004,6,GRANEROS,DIAZ BURGOS PABLO,PDC,6620,13144,50.37
2004,6,LA ESTRELLA,GONZALEZ BUSSENIUS GASTON,UDI,1091,2419,45.10
2004,6,LAS CABRAS,FABIA REYES JAIME EUGENIO,IND,3625,9888,36.66
2004,6,LITUECHE,CORNEJO CERON JOSE BERNARDO,PDC,1602,3529,45.40
2004,6,LOLOL,MORALES ESPINOZA JOSE MANUEL,PS,2505,3853,65.01
2004,6,MACHALI,ABUD FIGUEROA JUAN,PPD,4177,12900,32.38
2004,6,MALLOA,SILVA EL SALUG EDELMIRA,UDI,3595,7159,50.22
2004,6,MARCHIGUE,FLORES PEÑALOZA HECTOR HERNAN,UDI,1652,4189,39.44
2004,6,MOSTAZAL,BEITIA NAVARRETE MIRENCHU,PDC,3554,9718,36.57
2004,6,NANCAGUA,ESCANILLA GAETE EDUARDO,PPD,4192,8162,51.36
2004,6,NAVIDAD,MALDONADO MONDACA HORACIO,PPD,2321,3668,63.28
2004,6,OLIVAR,MONTERO CARRASCO MARIA ESTRELLA,IND,3262,6331,51.52
2004,6,PALMILLA,CABRERA MARAMBIO NELSON,PPD,3305,5682,58.17
2004,6,PAREDONES,ORMAZABAL LOPEZ SAMMY,PPD,2378,3894,61.07
2004,6,PERALILLO,GUAJARDO LEON FABIAN,PPD,2233,5577,40.04
2004,6,PEUMO,CID CORTES ELIAS,PS,3662,7139,51.30
2004,6,PICHIDEGUA,LYON AMAND DE MENDIETA MARIE JEANNE,UDI,4386,8974,48.87
2004,6,PICHILEMU,VARGAS GONZALEZ JORGE,PDC,2958,6820,43.37
2004,6,PLACILLA,LATORRE MUÑOZ JOAQUIN INOCENCIO,PDC,2517,4751,52.98
2004,6,PUMANQUE,JORQUERA GONZALEZ JORGE,IND,1331,2326,57.22
2004,6,QUINTA DE TILCOCO,BARRIOS OROSTEGUI NELSON,PPD,4534,7315,61.98
2004,6,RANCAGUA,ARELLANO BAEZA CARLOS,PDC,37251,84997,43.83
2004,6,RENGO,VALENCIA GONZALEZ RIENZI GERARDO,IND,9011,22431,40.17
2004,6,REQUINOA,CAVIERES ARAYA RUBEN ANTONIO,UDI,5730,10289,55.69
2004,6,SAN FERNANDO,MOLINA CONTRERAS JUAN PAULO,PDC,12477,29792,41.88
2004,6,SAN VICENTE,TRONCOSO HELLMAN VIRGINIA EUGENIA,UDI,9621,19838,48.50
2004,6,SANTA CRUZ,PIZARRO GAMBOA LIDIA,IND,6200,15308,40.50
2004,7,CAUQUENES,BADILLA EULUFI GUILLERMO,PDC,9080,21217,42.80
2004,7,CHANCO,MUÑOZ MORENO MURIEL,PDC,2518,6453,39.02
2004,7,COLBUN,HEYER GONZALEZ HANS,RN,3994,8998,44.39
2004,7,CONSTITUCION,URRUTIA CONCHA ROBERTO,PDC,8576,19667,43.61
2004,7,CUREPTO,GONZALEZ AGUILAR ARMANDO,RN,2971,5714,52.00
2004,7,CURICO,MORALES MUÑOZ CELSO,UDI,28728,48727,58.96
2004,7,EMPEDRADO,TEJOS PEREZ GONZALO ANTONIO,UDI,1806,2893,62.43
2004,7,HUALAÑE,BAEZA REYES SAMUEL ENRIQUE,PDC,3308,5723,57.80
2004,7,LICANTEN,REYES REYES HECTOR,PS,1556,3985,39.05
2004,7,LINARES,HERMOSILLA GATICA RODRIGO,PS,17909,37812,47.36
2004,7,LONGAVI,BRIONES ARAICE MARIO ANTONIO,PPD,8009,14249,56.21
2004,7,MAULE,FAUNDEZ CACERES FRESIA,PDC,3481,8392,41.48
2004,7,MOLINA,CARRASCO SOTO JUAN,IND,10956,20090,54.53
2004,7,PARRAL,URRUTIA ESCOBAR ISRAEL ANTONIO,PDC,9713,19818,49.01
2004,7,PELARCO,PEREZ LEIVA ALFREDO,IND,1678,4718,35.57
2004,7,PELLUHUE,REYES ORELLANA MARIA LUZ,RN,2082,4691,44.38
2004,7,PENCAHUE,LEAL GOMEZ ANDRES,PDC,3022,6570,46.00
2004,7,RAUCO,ESPINOZA ELGUETA SILVIA,RN,2727,5545,49.18
2004,7,RETIRO,CONTRERAS CONTRERAS JUAN PATRICIO,PDC,5173,9004,57.45
2004,7,RIO CLARO,GONZALEZ GONZALEZ ISABEL,PS,2552,5862,43.53
2004,7,ROMERAL,CISTERNA NEGRETE CARLOS GABRIEL,PDC,4385,6885,63.69
2004,7,SAGRADA FAMILIA,MELENDEZ ROJAS FRANCISCO,PS,6138,8844,69.40
2004,7,SAN CLEMENTE,ROJAS VERGARA JUAN,PDC,11505,17902,64.27
2004,7,SAN JAVIER,FERNANDEZ CHAVARRI PEDRO PABLO,PDC,9547,20041,47.64
2004,7,SAN RAFAEL,WETTKE PFEIFER GUNTHER,PDC,2605,4426,58.86
2004,7,TALCA,HERRERA BLANCO PATRICIO,PS,38676,77699,49.78
2004,7,TENO,MELLADO CRUZ RENE MANUEL,IND,5460,11663,46.81
2004,7,VICHUQUEN,CARDOEN DELANO DIEGO,IND,1676,3725,44.99
2004,7,VILLA ALEGRE,PALMA VILCHES ARTURO,PPD,4449,7841,56.74
2004,7,YERBAS BUENAS,CADEGAN MORAN LUIS,PRSD,5775,7573,76.26
2004,8,ALTO BIOBIO,VITA MANQUEPI FELIX,IND,692,1839,37.63
2004,8,ANTUCO,SOLAR JARA CLAUDIO,PDC,1809,2198,82.30
2004,8,ARAUCO,GAYOSO MONSALVE JAIME,PRSD,7039,14430,48.78
2004,8,BULNES,HIDALGO OÑATE JORGE,PS,6491,11102,58.47
2004,8,CABRERO,SABAG CASTILLO HASAN,PDC,9119,12275,74.29
2004,8,CAÑETE,RADONICH BARRA JORGE,IND,6742,13456,50.10
2004,8,CHIGUAYANTE,SOLIS NOVA TOMAS,PS,17162,25962,66.10
2004,8,CHILLAN,BERNUCCI DIAZ ALDO DINO,PRSD,32528,64549,50.39
2004,8,CHILLAN VIEJO,SAN MARTIN CHANDIA JULIO,PDC,4048,8989,45.03
2004,8,COBQUECURA,FUENTES ALARCON JULIO,PRSD,1853,3650,50.77
2004,8,COELEMU,ROMERO SEGUEL EUGENIA,PDC,3782,8890,42.54
2004,8,COIHUECO,JIMENEZ VENEGAS ARNOLDO,IND,3572,11424,31.27
2004,8,CONCEPCION,VAN RYSSELBERGHE HERRERA JACQUELINE,UDI,55925,99071,56.45
2004,8,CONTULMO,AGUAYO THIELE EDUARDO,UDI,1526,3189,47.85
2004,8,CORONEL,CARVAJAL ZUÑIGA RENE,PS,23416,39297,59.59
2004,8,CURANILAHUE,BENITEZ SILVA AHIMALEC,PDC,9004,15553,57.89
2004,8,EL CARMEN,FERIS FERRADA ALEX,PDC,3285,7313,44.92
2004,8,FLORIDA,MUÑOZ CABEZAS DOMINGO,PS,2363,6327,37.35
2004,8,HUALPEN,RIVERA ARANCIBIA MARCELO,PPD,19530,40402,48.34
2004,8,HUALQUI,GALAN OROSTICA RENATO,PDC,3662,9444,38.78
2004,8,LAJA,PINTO ALBORNOZ JOSE,PS,6367,11191,56.89
2004,8,LEBU,GONZALEZ ANJARI CARLOS,PS,4864,10774,45.15
2004,8,LOS ALAMOS,MELITA VINETT LAUTARO,IND,5193,8955,57.99
2004,8,LOS ANGELES,ROSALES GUZMAN JOEL,IND,34461,66698,51.67
2004,8,LOTA,MARCHANT ULLOA PATRICIO,PDC,10852,26509,40.94
2004,8,MULCHEN,JARA DELGADO FRANCISCO,UDI,7560,13864,54.53
2004,8,NACIMIENTO,MONTES CISTERNAS GERARDO,PS,8065,12408,65.00
2004,8,NEGRETE,VON-JENTSCHYK CRUZ EDWIN,PS,3083,4627,66.63
2004,8,NINHUE,BLANCO HADI CARMEN,IND,1408,4018,35.04
2004,8,ÑIQUEN,GARRIDO TORRES DOMINGO,PPD,3408,6377,53.44
2004,8,PEMUCO,GUIÑEZ NUÑEZ JOHNNSON,IND,2532,4756,53.24
2004,8,PENCO,CACERES COLLAO GUILLERMO,IND,10875,21682,50.16
2004,8,PINTO,LARENAS SUAZO EDUARDO,IND,2394,6626,36.13
2004,8,PORTEZUELO,SEPULVEDA ANDRADE MODESTO,PDC,2159,3828,56.40
2004,8,QUILACO,TIRAPEGUI MUÑOZ ROLANDO,PRSD,1549,2516,61.57
2004,8,QUILLECO,RIOSECO GUAJARDO RAMON,PDC,2918,5408,53.96
2004,8,QUILLON,CATALAN SALDIAS JAIME,PDC,4720,8430,55.99
2004,8,QUIRIHUE,ANDRADE VERA RAUL,IND,3396,6435,52.77
2004,8,RANQUIL,BRAVO DELGADO BENITO,PDC,1984,3284,60.41
2004,8,SAN CARLOS,RODRIGUEZ RODRIGUEZ SALVADOR IVAN,PDC,11908,24119,49.37
2004,8,SAN FABIAN,FERNANDEZ GOMEZ CRISTIAN,IND,1274,2783,45.78
2004,8,SAN IGNACIO,AEDO FIGUEROA NELSON,UDI,4638,8279,56.02
2004,8,SAN NICOLAS,TORO LEIVA VICTOR,PDC,3331,5967,55.82
2004,8,SAN PEDRO DE LA PAZ,SOTO FIGUEROA JAIME,PS,16499,26328,62.67
2004,8,SAN ROSENDO,SEPULVEDA SAN MARTIN OVIDIO,PDC,1823,2957,61.65
2004,8,SANTA BARBARA,IRAIRA SAGREDO DANIEL,IND,2971,6691,44.40
2004,8,SANTA JUANA,CASTRO MEDINA ANGEL,PDC,4773,7065,67.56
2004,8,TALCAHUANO,PORTUS GOVINDEN LEOCAN,PDC,31425,62786,50.05
2004,8,TIRUA,MILLABUR ÑANCUIL ADOLFO,IND,2190,4370,50.11
2004,8,TOME,AGUILERA AGUILERA EDUARDO,PDC,16238,25940,62.60
2004,8,TREGUACO,CUEVAS IBARRA LUIS,IND,2097,3649,57.47
2004,8,TUCAPEL,VELOSO JARA JAIME,RN,5212,6951,74.98
2004,8,YUMBEL,BETANCUR AYALA RAUL,PDC,3760,11112,33.84
2004,8,YUNGAY,CARDENAS ASTORGA LUIS,PDC,4473,8427,53.08
2004,9,ANGOL,VALDEBENITO BURGOS OBDULIO,IND,8779,22270,39.42
2004,9,CARAHUE,FIGUEROA RAMIREZ HECTOR,UDI,6741,12605,53.48
2004,9,CHOLCHOL,HUIRILEF BARRA LUIS,PPD,1218,4617,26.38
2004,9,COLLIPULLI,ROSALES NEIRA LEOPOLDO,PS,5828,10924,53.35
2004,9,CUNCO,MITTERSTEINER GARRIDO PATRICIO,UDI,4799,8699,55.17
2004,9,CURACAUTIN,REYES MOTRAN RAUL,RN,4889,8826,55.39
2004,9,CURARREHUE,PAINEFILO BARRIGA ABEL,PPD,2023,3696,54.73
2004,9,ERCILLA,PADILLA ETTER JERALDO,PS,1673,4285,39.04
2004,9,FREIRE,CAMPOS RUIZ GRICELDA,RN,4825,10902,44.26
2004,9,GALVARINO,HERNANDEZ SAFFIRIO MIGUEL,PDC,3078,6093,50.52
2004,9,GORBEA,MEZA MONCADA JUAN ESTEBAN,IND,3015,8091,37.26
2004,9,LAUTARO,HAURI GOMEZ RENATO,PDC,8074,14903,54.18
2004,9,LONCOCHE,PEÑA RIQUELME SERGIO,RN,5688,11084,51.32
2004,9,LONQUIMAY,VASQUEZ VEROIZA GUILLERMO ALBERTO,IND,1906,4639,41.09
2004,9,LOS SAUCES,VILCHES ALVAREZ RAMON,PDC,3070,4527,67.82
2004,9,LUMACO,PAINIQUEO TRAGNOLAO MANUEL,PS,2426,5081,47.75
2004,9,MELIPEUCO,BARROS COFRE EDGARDO,IND,1874,3076,60.92
2004,9,NUEVA IMPERIAL,SALAS TRAUTMANN MANUEL,PDC,7067,14109,50.09
2004,9,PADRE LAS CASAS,OYARZUN GUIÑEZ ROSA,RN,9474,20505,46.20
2004,9,PERQUENCO,MUÑOZ PEREZ LUIS ALBERTO,PDC,1904,3756,50.69
2004,9,PITRUFQUEN,LIZAMA DIAZ PEDRO,UDI,5238,9875,53.04
2004,9,PUCON,BARRA MATAMALA CARLOS,RN,3556,8316,42.76
2004,9,PUREN,QUIÑONES LARA BENIGNO,PDC,3805,6783,56.10
2004,9,RENAICO,MORALES VELASQUEZ SANTIAGO,PPD,3095,5011,61.76
2004,9,SAAVEDRA,TRIPAINAO CALFULAF RICARDO,IND,2269,6422,35.33
2004,9,TEMUCO,HUENCHUMILLA JARAMILLO FRANCISCO,PDC,47787,85295,56.03
2004,9,TEODORO SCHMIDT,RIQUELME ARRIAGADA ALFREDO,PPD,3849,7705,49.95
2004,9,TOLTEN,GARCIA FERLICE RAFAEL,UDI,3033,5306,57.16
2004,9,TRAIGUEN,ALVAREZ VALENZUELA LUIS,UDI,5481,9759,56.16
2004,9,VICTORIA,SAFFIRIO ESPINOZA JORGE ALEJANDRO,PDC,5515,16393,33.64
2004,9,VILCUN,VILLANUEVA RUBILAR PATRICIO,PPD,3173,9789,32.41
2004,9,VILLARRICA,PRAMBS KLOCKER INGRID,PDC,8130,19731,41.20
2004,10,ANCUD,OSSIO MUÑOZ PABLO ADOLFO,PDC,9519,16821,56.59
2004,10,CALBUCO,CARDENAS GOMEZ RUBEN ROLANDO,PRSD,6524,11258,57.95
2004,10,CASTRO,AGUILA SERPA NELSON HUGO,PDC,7947,14401,55.18
2004,10,CHAITEN,FRITIS PEREZ JOSE MIGUEL,IND,1350,2810,48.04
2004,10,CHONCHI,ANDRADE OYARZUN PEDRO GERARDO,PDC,2911,5294,54.99
2004,10,COCHAMO,SOTO SOTOMAYOR CARLOS,PRSD,1223,2039,59.98
2004,10,CORRAL,HERNANDEZ MELLA MIGUEL,PPD,1345,2983,45.09
2004,10,CURACO DE VELEZ,CURUMILLA SOTOMAYOR LUIS,PDC,1494,2028,73.67
2004,10,DALCAHUE,PEREZ MUÑOZ JUAN ALBERTO,RN,2216,4315,51.36
2004,10,FRESIA,SCHWERTER SIEBALD JOSE NELSON,RN,3915,7345,53.30
2004,10,FRUTILLAR,ESPINOZA SANDOVAL RAMON,PS,3431,6898,49.74
2004,10,FUTALEUFU,CARVALLO PARDO HECTOR ARTURO,PDC,774,1293,59.86
2004,10,FUTRONO,TATTER OÑATE JORGE,UDI,3357,6454,52.01
2004,10,HUALAIHUE,SANHUEZA ALVARADO LUIS EDUARDO,RN,1754,4355,40.28
2004,10,LA UNION,ASTUDILLO MAUTZ MARIA ANGELICA,IND,8474,18672,45.38
2004,10,LAGO RANCO,ROSAS LOBOS SANTIAGO,PDC,3005,4779,62.88
2004,10,LANCO,CUVERTINO GOMEZ LUIS,PS,3133,7597,41.24
2004,10,LLANQUIHUE,VARGAS GOMEZ WALTERIO,IND,4801,7447,64.47
2004,10,LOS LAGOS,MANSILLA ROA SIMON SEBASTIAN,PS,4113,8670,47.44
2004,10,LOS MUERMOS,GONZALEZ BURGOS EMILIO,UDI,4377,7755,56.44
2004,10,MAFIL,LEAL RIOS ANGELINO,PPD,2052,3812,53.83
2004,10,MARIQUINA,PACHECO AYALA ERWIN,PDC,5416,8361,64.78
2004,10,MAULLIN,CARCAMO CARCAMO JUAN ERWIN,PDC,4216,7202,58.54
2004,10,OSORNO,SAINT-JEAN ASTUDILLO MAURICIO GASTON,PDC,21462,63366,33.87
2004,10,PAILLACO,FUENTES SEPULVEDA GASTON ALEJANDRO,IND,4140,10049,41.20
2004,10,PALENA,CHAVEZ ALARCON JAIME DONALD,PDC,414,905,45.75
2004,10,PANGUIPULLI,KOEHLER VARGAS ALEJANDRO,PS,7112,13798,51.54
2004,10,PUERTO MONTT,QUINTEROS LARA RABINDRANATH,PS,39748,57518,69.11
2004,10,PUERTO OCTAY,MANCILLA SOLIS CARLOS,PDC,2671,4820,55.41
2004,10,PUERTO VARAS,BAHAMONDE CEA RAMON,UDI,6404,14576,43.94
2004,10,PUQUELDON,BARRIA OJEDA NORA FELICINDA,PRSD,1400,2242,62.44
2004,10,PURRANQUE,NEGRON SCHWERTER CESAR,PS,5276,10718,49.23
2004,10,PUYEHUE,NUÑEZ MORALES MARIA JIMENA,UDI,3740,6215,60.18
2004,10,QUEILEN,GOMEZ MIRANDA CARLOS,PDC,2002,2556,78.33
2004,10,QUELLON,URIBE VELASQUEZ LUIS ALBERTO,PDC,4274,7793,54.84
2004,10,QUEMCHI,MACIAS DEMARCHI LUIS,IND,1420,3892,36.49
2004,10,QUINCHAO,TORRES AGUILA SANTIAGO,IND,2144,3717,57.68
2004,10,RIO BUENO,FLORES VERA WALDO,PDC,7866,15220,51.68
2004,10,RIO NEGRO,ANDRADE CANO ARTURO,IND,3193,7365,43.35
2004,10,SAN JUAN DE LA COSTA,OYARZO RUIZ JAVIER,RN,2332,4235,55.06
2004,10,SAN PABLO,ALVARADO AGUERO OMAR,PDC,4136,5864,70.53
2004,10,VALDIVIA,BERGER FETT BERNARDO,RN,30628,56327,54.38
2004,11,AISEN,CATALAN SANCHEZ OSCAR,UDI,4662,8603,54.19
2004,11,CHILE CHICO,MUÑOZ GONZALEZ LUPERCIANO,IND,1006,2524,39.86
2004,11,CISNES,VALDES GUTIERREZ LUIS,PS,1282,2152,59.57
2004,11,COCHRANE,NUÑEZ MORALES CHRISTIAN,PDC,780,1444,54.02
2004,11,COYHAIQUE,SANDOVAL PLAZA DAVID SERGIO,UDI,10836,20002,54.17
2004,11,GUAITECAS,MIRANDA CHIGUAY LUIS ANTONIO,RN,400,780,51.28
2004,11,LAGO VERDE,ALDEA CADAGAN GASPAR,PS,202,553,36.53
2004,11,O'HIGGINS,FICA GOMEZ JOSE CLAUDIO,PDC,167,240,69.58
2004,11,RIO IBAÑEZ,ALARCON ESCOBAR EMILIO,UDI,957,1536,62.30
2004,11,TORTEL,LOPEZ SIERRA BERNARDO ALEJANDRO,PPD,156,284,54.93
2004,12,CABO DE HORNOS,SOTO PASSEK JOSE LUIS,PRSD,497,847,58.68
2004,12,LAGUNA BLANCA,RITTER RODRIGUEZ ELEAZAR AUGUSTO RICARDO,UDI,349,349,100.00
2004,12,NATALES,MARGONI GADLER MARIO,IND,5814,8843,65.75
2004,12,PORVENIR,VERA PEREZ SYLVIA,PS,1150,2145,53.61
2004,12,PRIMAVERA,OLEA CELSI LUIS RICARDO,UDI,551,551,100.00
2004,12,PUNTA ARENAS,MORANO CORNEJO JUAN ENRIQUE,PDC,18822,47010,40.04
2004,12,RIO VERDE,VASQUEZ BARRIENTOS SILVIA TATIANA,UDI,305,399,76.44
2004,12,SAN GREGORIO,MANDRIAZA MUÑOZ CARLOS,PDC,355,701,50.64
2004,12,TIMAUKEL,SIMUNOVIC OJEDA ALFONSO DE LOURDES,UDI,198,363,54.55
2004,12,TORRES DEL PAINE,PAREDES MANSILLA JOSE FERNANDO,UDI,704,820,85.85
2004,13,ALHUE,SEPULVEDA SANCHEZ YOONITT,IND,1528,2367,64.55
2004,13,BUIN,BOZAN RAMOS ANGEL,PPD,12768,27174,46.99
2004,13,CALERA DE TANGO,VALENZUELA SANTIBAÑEZ ERASMO,IND,5358,8848,60.56
2004,13,CERRILLOS,ALMENDARES CALDERON ALEJANDRO,RN,18758,33187,56.52
2004,13,CERRO NAVIA,GIRARDI LAVIN CRISTINA,PPD,34869,60320,57.81
2004,13,COLINA,OLAVARRIA RODRIGUEZ MARIO,UDI,14912,26821,55.60
2004,13,CONCHALI,SOTTOLICHIO URQUIZA CARLOS,PPD,36043,66613,54.11
2004,13,CURACAVI,BARROS ECHENIQUE JOSE GUILLERMO,UDI,4951,10911,45.38
2004,13,EL BOSQUE,MELO MOYA SADI LEONARDO,PS,31361,66140,47.42
2004,13,EL MONTE,GOMEZ RAMIREZ FRANCISCO,PS,6948,12718,54.63
2004,13,ESTACION CENTRAL,HASBUN SELUME GUSTAVO,UDI,24829,61551,40.34
2004,13,HUECHURABA,PLAZA GUZMAN CAROLINA,UDI,15760,27575,57.15
2004,13,INDEPENDENCIA,GARRIDO MARDONES ANTONIO ALEJANDRO,RN,17297,35542,48.67
2004,13,ISLA DE MAIPO,MORALES NORDETTI DAVID,PDC,6775,11765,57.59
2004,13,LA CISTERNA,REBOLLEDO PIZARRO SANTIAGO,PPD,20642,42979,48.03
2004,13,LA FLORIDA,ZALAQUETT SAID PABLO,UDI,64115,133845,47.90
2004,13,LA GRANJA,ARRIAGADA MACAYA CLAUDIO,PDC,31567,48040,65.71
2004,13,LA PINTANA,PAVEZ MORENO JAIME,PPD,28607,47779,59.87
2004,13,LA REINA,MONTT DUBOURNAIS LUIS,IND,25185,45917,54.85
2004,13,LAMPA,ESCOBAR PAREDES CARLOS,PDC,6997,14733,47.49
2004,13,LAS CONDES,DE LA MAZA CHADWICK FRANCISCO,UDI,75034,104864,71.55
2004,13,LO BARNECHEA,EHLERS BUSTAMANTE MARTA,RN,15479,23424,66.08
2004,13,LO ESPEJO,INOSTROZA OJEDA CARLOS,PDC,20081,47789,42.02
2004,13,LO PRADO,NAVARRETE MUÑOZ GONZALO,PPD,22695,47030,48.26
2004,13,MACUL,PUYOL CARREÑO SERGIO,PDC,34137,53728,63.54
2004,13,MAIPU,UNDURRAGA VICUÑA ALBERTO,PDC,68907,127531,54.03
2004,13,MARIA PINTO,MUALIM FAJURI JESSICA,UDI,2538,4911,51.68
2004,13,MELIPILLA,PEREZ VILLAGRAN FERNANDO ALFREDO,UDI,19852,39947,49.70
2004,13,ÑUÑOA,SABAT PIETRACAPRINA PEDRO ANTONIO,RN,56973,93469,60.95
2004,13,PADRE HURTADO,MOYA PEÑA DESIDERIO BENITO,PS,6693,13516,49.52
2004,13,PAINE,ACHURRA GARFIAS PATRICIO,PDC,12060,20756,58.10
2004,13,PEDRO AGUIRRE CERDA,SAAVEDRA GORRIATEGUY JUAN,PPD,18122,53479,33.89
2004,13,PEÑAFLOR,FUENTES ROSALES MANUEL,UDI,17031,29281,58.16
2004,13,PEÑALOLEN,ORREGO LARRAIN CLAUDIO,PDC,37322,76789,48.60
2004,13,PIRQUE,ESCUDERO RAMOS JAIME FRANCISCO,PPD,4479,8672,51.65
2004,13,PROVIDENCIA,LABBE GALILEA CRISTIAN,UDI,40343,65640,61.46
2004,13,PUDAHUEL,CARRASCO CERDA JOHNNY,PS,37416,56000,66.81
2004,13,PUENTE ALTO,OSSANDON IRARRAZABAL MANUEL JOSE,RN,65350,108738,60.10
2004,13,QUILICURA,ROMO SEPULVEDA CARMEN GRACIELA,PDC,18027,33539,53.75
2004,13,QUINTA NORMAL,FERNANDEZ ARAYA MANUEL,PDC,27914,49627,56.25
2004,13,RECOLETA,CORNEJO CHAVEZ GONZALO,UDI,38316,71472,53.61
2004,13,RENCA,BARAHONA KUNSTMANN VICKY,UDI,33061,53685,61.58
2004,13,SAN BERNARDO,BUSTOS CARMONA ORFELINA,PDC,50883,85300,59.65
2004,13,SAN JOAQUIN,ECHEVERRIA GARCIA SERGIO,PPD,25063,47201,53.10
2004,13,SAN JOSE DE MAIPO,CACERES RIQUELME VICTOR,PS,2857,7790,36.68
2004,13,SAN MIGUEL,PALESTRO VELASQUEZ JULIO,PS,18017,42699,42.20
2004,13,SAN PEDRO,FARIAS PIÑA AVELINO,IND,1362,4379,31.10
2004,13,SAN RAMON,ISLA FARIAS PEDRO,PDC,21172,42433,49.90
2004,13,SANTIAGO,ALCAINO LIHN RAUL,IND,53063,108200,49.04
2004,13,TALAGANTE,HUERTA REYES ROSA ESTER,PS,11548,23864,48.39
2004,13,TILTIL,DELGADILLO BASCUÑAN SALVADOR EMILIO,PCCH,2601,7189,36.18
2004,13,VITACURA,TORREALBA DEL PEDREGAL RAUL,RN,31055,41553,74.74
2008,1,ALTO HOSPICIO,GALLEGUILLOS CASTILLO RAMON,UDI,9522,14570,65.35
2008,1,CAMIÑA,GARCIA CACERES SIXTO,RN,1318,1808,72.90
2008,1,COLCHANE,MAMANI GARCIA TEOFILO,RN,798,1377,57.95
2008,1,HUARA,PLATERO CHAMBE SERGIO RENE,RN,1451,3015,48.13
2008,1,IQUIQUE,DUBOST JIMENEZ MYRTA,IND,32924,63092,52.18
2008,1,PICA,INFANTE CHACON IVAN,IND,1636,2911,56.20
2008,1,POZO ALMONTE,SMITH MARIN AUGUSTO ENRIQUE,RN,2244,4130,54.33
2008,2,ANTOFAGASTA,HERNANDO PEREZ MARCELA XIMENA,IND,46668,90760,51.42
2008,2,CALAMA,VELASQUEZ NUÑEZ ESTEBAN,IND,21277,49103,43.33
2008,2,MARIA ELENA,GODOY BOLVARAN JORGE,PS,2092,2969,70.46
2008,2,MEJILLONES,CARVAJAL FERREIRA MARCELINO,PPD,2370,4956,47.82
2008,2,OLLAGUE,CID ORTEGA JOSE DOMINGO,PPD,550,1035,53.14
2008,2,SAN PEDRO DE ATACAMA,BERNA MARTINEZ SANDRA,PDC,1198,2643,45.33
2008,2,SIERRA GORDA,GUERRERO VENEGAS JOSE,IND,703,870,80.80
2008,2,TALTAL,HIDALGO OCAMPO GUILLERMO,PS,2644,4648,56.88
2008,2,TOCOPILLA,MOYANO CRUZ LUIS RAFAEL,IND,5218,10287,50.72
2008,3,ALTO DEL CARMEN,ROJAS ARDILES NORA,IND,1510,3227,46.79
2008,3,CALDERA,GONZALEZ ANJEL BRUNILDA,PPD,3468,6391,54.26
2008,3,CHAÑARAL,VOLTA ROJAS HECTOR ANTONIO,PRSD,3548,5778,61.41
2008,3,COPIAPO,CICARDINI NEYRA MAGLIO,IND,17414,46183,37.71
2008,3,DIEGO DE ALMAGRO,ZAVALA TORRES ISAIAS FLORENCIO,PCCH,3500,6155,56.86
2008,3,FREIRINA,BRUZZONE GALEB ROBERTO DANIEL,RN,1158,3149,36.77
2008,3,HUASCO,LOYOLA MORENILLA RODRIGO,PPD,1505,4334,34.73
2008,3,TIERRA AMARILLA,BARAHONA TIRADO CARLOS,IND,3372,6480,52.04
2008,3,VALLENAR,TAPIA RAMOS CRISTIAN HERNANDO,IND,8189,21588,37.93
2008,4,ANDACOLLO,ALFARO ARAVENA JUAN CARLOS,IND,3682,6319,58.27
2008,4,CANELA,ARAYA ARAYA NORMAN,IND,2458,4942,49.74
2008,4,COMBARBALA,ROJAS AGUIRRE SOLERCIO,IND,1701,6626,25.67
2008,4,COQUIMBO,PEREIRA TAPIA OSCAR ENRIQUE,PDC,32531,58939,55.19
2008,4,ILLAPEL,CORTES VARGAS DENIS,IND,7519,12863,58.45
2008,4,LA HIGUERA,CLAVERIA MONDACA SYLVIA DEL CARMEN,PS,1050,2513,41.78
2008,4,LA SERENA,SALDIVAR AUGER RAUL,PS,28532,61706,46.24
2008,4,LOS VILOS,JORQUERA NIÑO DE ZEPEDA JUAN EDUARDO,RN,4057,8297,48.90
2008,4,MONTE PATRIA,CASTILLO BOILET JUAN CARLOS,PDC,6333,13491,46.94
2008,4,OVALLE,LOBOS INZUNZA MARTA,PPD,14215,38883,36.56
2008,4,PAIHUANO,TORRES MEDINA LORENZO ROBERTO,PPD,1383,2648,52.23
2008,4,PUNITAQUI,ARAYA ZEPEDA BLANCA ELENA,PRI,2244,5539,40.51
2008,4,RIO HURTADO,VALENZUELA ROJAS JAIME GARY,RN,1418,2823,50.23
2008,4,SALAMANCA,ROJAS ESCUDERO GERARDO,PPD,4945,10420,47.46
2008,4,VICUÑA,GUAMAN GUAMAN FERNANDO,IND,3770,10681,35.30
2008,5,ALGARROBO,URQUIZA TAPIA GUILLERMO FRANCISCO,IND,2471,5970,41.39
2008,5,CABILDO,CERDA LECAROS EDUARDO,PDC,4498,9364,48.04
2008,5,CALERA,MARTINEZ MACHUCA EDUARDO,IND,12016,22268,53.96
2008,5,CALLE LARGA,VENEGAS SALAZAR NELSON,PS,2579,5576,46.25
2008,5,CARTAGENA,CARTAGENA POLANCO OSVALDO,IND,4188,9923,42.20
2008,5,CASABLANCA,VERA DELGADO MANUEL JESUS,PDC,5352,10544,50.76
2008,5,CATEMU,LUKSIC NIETO BORIS,RN,2704,6540,41.35
2008,5,CONCON,VALDOVINOS GOMEZ JORGE,IND,6579,15708,41.88
2008,5,EL QUISCO,CARRASCO PIZARRO NATALIA,PDC,2720,6475,42.01
2008,5,EL TABO,JORQUERA ROMERO EMILIO,IND,2777,5677,48.92
2008,5,HIJUELAS,ROSSAT ARRIAGADA VERONICA,UDI,5378,7963,67.54
2008,5,ISLA DE PASCUA,ZASSO PAOA LUZ,PDC,868,1849,46.94
2008,5,JUAN FERNANDEZ,GONZALEZ CHARPENTIER LEOPOLDO,RN,285,499,57.11
2008,5,LA CRUZ,LARRONDO LABORDE MAITE,UDI,3838,6609,58.07
2008,5,LA LIGUA,SANCHEZ VILLALOBOS RODRIGO,PCCH,6489,15440,42.03
2008,5,LIMACHE,MINARDI DE LA TORRE LUIS,IND,10864,17855,60.85
2008,5,LLAY-LLAY,MARILLANCA RAMIREZ MARIO,PDC,6424,10619,60.50
2008,5,LOS ANDES,NAVARRO SALINAS MAURICIO,PDC,12056,25910,46.53
2008,5,NOGALES,CORTES PUEBLA OSCAR,PDC,7525,9982,75.39
2008,5,OLMUE,ARANDA MIRANDA TOMAS,PDC,4737,7286,65.02
2008,5,PANQUEHUE,PRADENAS MORAN LUIS,UDI,1697,3589,47.28
2008,5,PAPUDO,PRIETO VALDES ROSA,RN,2221,3256,68.21
2008,5,PETORCA,VALDENEGRO RUBILLO GUSTAVO,IND,1969,5205,37.83
2008,5,PUCHUNCAVI,VALENCIA GARCIA AGUSTIN,IND,2751,7618,36.11
2008,5,PUTAENDO,REYES CORTES GUILLERMO,PS,3791,7332,51.70
2008,5,QUILLOTA,MELLA GAJARDO LUIS,PDC,18076,34403,52.54
2008,5,QUILPUE,VIÑAMBRES ADASME MAURICIO,PS,25867,51478,50.25
2008,5,QUINTERO,VARAS ZUÑIGA JOSE,IND,3961,11415,34.70
2008,5,RINCONADA,GALDAMES CARMONA JUAN,UDI,3163,4484,70.54
2008,5,SAN ANTONIO,VERA CASTRO OMAR,PRSD,20007,38540,51.91
2008,5,SAN ESTEBAN,MARDONES VALENCIA RENE,IND,3846,7600,50.61
2008,5,SAN FELIPE,AMAR AMAR JAIME ROBINSON,RN,11667,25979,44.91
2008,5,SANTA MARIA,ZURITA IBARRA CLAUDIO,PPD,5911,6845,86.36
2008,5,SANTO DOMINGO,RODRIGUEZ LARRAIN FERNANDO,IND,3111,7152,43.50
2008,5,VALPARAISO,CASTRO MUÑOZ JORGE,UDI,54454,121051,44.98
2008,5,VILLA ALEMANA,SABAT MARCOS JOSE,IND,15486,35757,43.31
2008,5,VIÑA DEL MAR,REGINATO BOZZO VIRGINIA,UDI,107355,136314,78.76
2008,5,ZAPALLAR,COX URREJOLA NICOLAS,RN,2784,4513,61.69
2008,6,CHEPICA,COFRE CALDERON REBECA,UDI,4931,7863,62.71
2008,6,CHIMBARONGO,MELLADO PINO COSME,IND,9996,15365,65.06
2008,6,CODEGUA,SILVA GUTIERREZ ANA MARIA,PDC,3158,5840,54.08
2008,6,COINCO,VALENZUELA ABARCA GREGORIO,RN,2079,3908,53.20
2008,6,COLTAUCO,JORQUERA VIDAL RUBEN,PS,4025,7540,53.38
2008,6,DOÑIHUE,BASTIAS ESPINOZA BELISARIO,PPD,4969,9517,52.21
2008,6,GRANEROS,DIAZ BURGOS PABLO,PDC,6060,13314,45.52
2008,6,LA ESTRELLA,FERNANDEZ MORI GASTON OCTAVIO,IND,1206,2393,50.40
2008,6,LAS CABRAS,FABIA REYES JAIME EUGENIO,IND,5043,10523,47.92
2008,6,LITUECHE,CORNEJO CERON JOSE BERNARDO,PDC,1721,3884,44.31
2008,6,LOLOL,MARIN RODRIGUEZ MARCO ANTONIO,IND,2325,4131,56.28
2008,6,MACHALI,URRUTIA CELIS JOSE MIGUEL,UDI,5422,13534,40.06
2008,6,MALLOA,BARRA VILLANUEVA LUIS,PPD,3335,7472,44.63
2008,6,MARCHIGUE,FLORES PEÑALOZA HECTOR HERNAN,UDI,2784,4375,63.63
2008,6,MOSTAZAL,MEDEL ACOSTA SERGIO,IND,4857,9906,49.03
2008,6,NANCAGUA,ESCANILLA GAETE EDUARDO,PPD,2697,8554,31.53
2008,6,NAVIDAD,MALDONADO MONDACA HORACIO,PPD,2121,3541,59.90
2008,6,OLIVAR,MONTERO CARRASCO MARIA ESTRELLA,IND,3458,6639,52.09
2008,6,PALMILLA,CABRERA MARAMBIO NELSON,PPD,2951,5570,52.98
2008,6,PAREDONES,ORMAZABAL LOPEZ SAMMY,PPD,2463,3789,65.00
2008,6,PERALILLO,CORNEJO PEREZ GERARDO,IND,2940,5705,51.53
2008,6,PEUMO,CARREÑO CARREÑO FERMIN ALEJANDRO,IND,2962,7250,40.86
2008,6,PICHIDEGUA,CERON GONZALEZ RUBEN ADOLFO,PRSD,3922,9032,43.42
2008,6,PICHILEMU,CABRERA MARTINEZ MARCELO,IND,3017,7170,42.08
2008,6,PLACILLA,SILVA SANCHEZ LUIS GONZALO,IND,2696,5135,52.50
2008,6,PUMANQUE,JORQUERA GONZALEZ JORGE,IND,1186,2572,46.11
2008,6,QUINTA DE TILCOCO,BARRIOS OROSTEGUI NELSON,PPD,4457,7509,59.36
2008,6,RANCAGUA,SOTO ROMERO EDUARDO PATRICIO,UDI,36385,82513,44.10
2008,6,RENGO,GATICA MUÑOZ MARCOS GREGORIO,RN,11135,22351,49.82
2008,6,REQUINOA,SILVA VARGAS LUIS ANTONIO,IND,4671,10804,43.23
2008,6,SAN FERNANDO,MOLINA CONTRERAS JUAN PAULO,PDC,18549,29358,63.18
2008,6,SAN VICENTE,TRONCOSO HELLMAN VIRGINIA EUGENIA,UDI,10757,20286,53.03
2008,6,SANTA CRUZ,VALENZUELA VALENZUELA HECTOR ORLANDO,IND,7036,16284,43.21
2008,7,CAUQUENES,MUÑOZ ROJAS JUAN CARLOS,RN,11426,20735,55.10
2008,7,CHANCO,DIAZ MEZA VIVIANA ESCARLETTE,RN,3176,6456,49.19
2008,7,COLBUN,MUÑOZ OSES PEDRO PABLO,IND,1946,9087,21.42
2008,7,CONSTITUCION,TILLERIA TORRES HUGO,IND,5830,19618,29.72
2008,7,CUREPTO,GONZALEZ AGUILAR ARMANDO,RN,3497,6144,56.92
2008,7,CURICO,REY MARTINEZ HUGO,UDI,24464,50337,48.60
2008,7,EMPEDRADO,TEJOS PEREZ GONZALO ANTONIO,IND,1571,2898,54.21
2008,7,HUALAÑE,PUCHER LIZAMA CLAUDIO,RN,2914,5688,51.23
2008,7,LICANTEN,QUIERO PALACIOS HECTOR,UDI,2384,4413,54.02
2008,7,LINARES,RENTERIA MOLLER ROLANDO,UDI,20185,37673,53.58
2008,7,LONGAVI,MENCHACA PINOCHET CRISTIAN,UDI,7058,14254,49.52
2008,7,MAULE,RIVEROS CERDA IVAN,IND,5771,8882,64.97
2008,7,MOLINA,SEGURA OVALLE MIRTHA,UDI,9899,20421,48.47
2008,7,PARRAL,URRUTIA ESCOBAR ISRAEL ANTONIO,PDC,10978,19378,56.65
2008,7,PELARCO,PEREZ LEIVA ALFREDO,IND,2326,4604,50.52
2008,7,PELLUHUE,REYES ORELLANA MARIA LUZ,RN,1844,4499,40.99
2008,7,PENCAHUE,LARA LEIVA LUCY,RN,3355,6634,50.57
2008,7,RAUCO,ESPINOZA ELGUETA SILVIA,RN,2912,5620,51.81
2008,7,RETIRO,CONTRERAS CONTRERAS JUAN PATRICIO,PDC,4472,8786,50.90
2008,7,RIO CLARO,GUAJARDO OYARCE CLAUDIO ARTURO,RN,4301,6059,70.99
2008,7,ROMERAL,CISTERNA NEGRETE CARLOS GABRIEL,PDC,3423,7232,47.33
2008,7,SAGRADA FAMILIA,MELENDEZ ROJAS FRANCISCO,PS,4780,8873,53.87
2008,7,SAN CLEMENTE,GALVEZ REBOLLEDO OSCAR RAMON,RN,8927,17609,50.70
2008,7,SAN JAVIER,FERNANDEZ CHAVARRI PEDRO PABLO,PDC,12216,18942,64.49
2008,7,SAN RAFAEL,POBLETE YAÑEZ PATRICIO,UDI,2386,4715,50.60
2008,7,TALCA,CASTRO PRIETO JUAN,IND,31798,79376,40.06
2008,7,TENO,VALENZUELA PEREZ SANDRA,UDI,6729,11692,57.55
2008,7,VICHUQUEN,PAVEZ LOPEZ ROMAN,PPD,1293,3393,38.11
2008,7,VILLA ALEGRE,PALMA VILCHES ARTURO,PPD,4595,7599,60.47
2008,7,YERBAS BUENAS,GUZMAN TRUJILLO LUIS,PRSD,3025,7576,39.93
2008,8,ALTO BIOBIO,VITA MANQUEPI FELIX,PPD,890,2190,40.64
2008,8,ANTUCO,SOLAR JARA CLAUDIO,PDC,1439,2359,61.00
2008,8,ARAUCO,ALARCON GUZMAN MAURICIO,IND,6113,15281,40.00
2008,8,BULNES,DE LA PUENTE ACUÑA RODRIGO,IND,3834,11025,34.78
2008,8,CABRERO,SABAG CASTILLO HASAN,PDC,8388,12071,69.49
2008,8,CAÑETE,RADONICH BARRA JORGE,IND,9250,12979,71.27
2008,8,CHIGUAYANTE,SOLIS NOVA TOMAS,PS,15756,26991,58.38
2008,8,CHILLAN,ZARZAR ANDONIE SERGIO,IND,43425,67820,64.03
2008,8,CHILLAN VIEJO,AYLWIN LAGOS FELIPE,IND,5587,9938,56.22
2008,8,COBQUECURA,FUENTES ALARCON JULIO,PRSD,2079,3671,56.63
2008,8,COELEMU,ARAVENA ALARCON LAURA,IND,5316,8774,60.59
2008,8,COIHUECO,JIMENEZ VENEGAS ARNOLDO,PPD,5172,11268,45.90
2008,8,CONCEPCION,VAN RYSSELBERGHE HERRERA JACQUELINE,UDI,60889,95949,63.46
2008,8,CONTULMO,AGUAYO THIELE EDUARDO,UDI,2017,3281,61.48
2008,8,CORONEL,ROMERO SAEZ LEONIDAS,IND,16789,39845,42.14
2008,8,CURANILAHUE,BENITEZ SILVA AHIMALEC,PDC,5112,15138,33.77
2008,8,EL CARMEN,DIAZ GONZALEZ JUAN,IND,3090,7053,43.81
2008,8,FLORIDA,VERGARA REYES JUAN,IND,1641,6386,25.70
2008,8,HUALPEN,RIVERA ARANCIBIA MARCELO,PPD,29389,40139,73.22
2008,8,HUALQUI,FUENTES PALMA RICARDO,IND,4820,10277,46.90
2008,8,LAJA,FICA TOLEDO VLADIMIR,IND,6351,11095,57.24
2008,8,LEBU,GONZALEZ ANJARI CARLOS,PS,5042,10655,47.32
2008,8,LOS ALAMOS,MELITA VINETT LAUTARO,PS,4451,8874,50.16
2008,8,LOS ANGELES,ROSALES GUZMAN JOEL,UDI,33739,65897,51.20
2008,8,LOTA,VENEGAS TRONCOSO JORGE,IND,10015,26968,37.14
2008,8,MULCHEN,JARA DELGADO FRANCISCO,UDI,5653,13191,42.85
2008,8,NACIMIENTO,MONTES CISTERNAS GERARDO,PS,6728,11993,56.10
2008,8,NEGRETE,VON-JENTSCHYK CRUZ EDWIN,PS,2230,4576,48.73
2008,8,NINHUE,MOLINA MELO LUIS,PDC,1962,3883,50.53
2008,8,ÑIQUEN,GARRIDO TORRES DOMINGO,PPD,3871,6015,64.36
2008,8,PEMUCO,MUÑOZ SALAZAR JULIO,PDC,2657,4858,54.69
2008,8,PENCO,CACERES COLLAO GUILLERMO,IND,8529,22773,37.45
2008,8,PINTO,CHAVEZ GUIÑEZ FERNANDO,UDI,3888,6835,56.88
2008,8,PORTEZUELO,SEPULVEDA ANDRADE MODESTO,PDC,1824,3589,50.82
2008,8,QUILACO,BARRUETO VIVEROS FREDY,PRI,1021,2742,37.24
2008,8,QUILLECO,TAPIA AVELLO RODRIGO,IND,1750,5564,31.45
2008,8,QUILLON,CATALAN SALDIAS JAIME,PDC,4454,8370,53.21
2008,8,QUIRIHUE,IRRIBARRA DE LA TORRE TOMAS,PRSD,3604,6568,54.87
2008,8,RANQUIL,GARRIDO CARCAMO CARLOS,UDI,1532,3748,40.88
2008,8,SAN CARLOS,GEBRIE ASFURA HUGO,RN,14080,23339,60.33
2008,8,SAN FABIAN,FERNANDEZ GOMEZ CRISTIAN,PPD,935,3060,30.56
2008,8,SAN IGNACIO,OLIVARES BUSTAMANTE WILSON,PRSD,3754,7807,48.09
2008,8,SAN NICOLAS,TORO LEIVA VICTOR,PDC,3025,6214,48.68
2008,8,SAN PEDRO DE LA PAZ,RETAMAL LAZO AUDITO,IND,10986,29874,36.77
2008,8,SAN ROSENDO,VALENZUELA MARTINEZ DUVERLIS,RN,1307,2901,45.05
2008,8,SANTA BARBARA,IRAIRA SAGREDO DANIEL,IND,4091,6252,65.44
2008,8,SANTA JUANA,CASTRO MEDINA ANGEL,PDC,5765,6721,85.78
2008,8,TALCAHUANO,SAAVEDRA CHANDIA GASTON,IND,27886,63464,43.94
2008,8,TIRUA,ANIÑIR LEPICHEO JOSE,RN,2305,4347,53.03
2008,8,TOME,AGUILERA AGUILERA EDUARDO,PDC,10358,26338,39.33
2008,8,TREGUACO,CUEVAS IBARRA LUIS,IND,2108,3885,54.26
2008,8,TUCAPEL,VELOSO JARA JAIME,RN,5033,6978,72.13
2008,8,YUMBEL,CABEZAS VEGA CAMILO ENRIQUE,PH,5421,11418,47.48
2008,8,YUNGAY,INOSTROZA VALENZUELA PEDRO,IND,2877,8414,34.19
2008,9,ANGOL,NEIRA NEIRA JOSE ENRIQUE,IND,9014,22427,40.19
2008,9,CARAHUE,FIGUEROA RAMIREZ HECTOR,UDI,5836,11930,48.92
2008,9,CHOLCHOL,CEA VILLALOBOS VIOLETA,UDI,1996,5454,36.60
2008,9,COLLIPULLI,ROSALES NEIRA LEOPOLDO,PS,6375,10561,60.36
2008,9,CUNCO,MITTERSTEINER GARRIDO PATRICIO,UDI,3958,8801,44.97
2008,9,CURACAUTIN,SAQUEL ALBARRAN JORGE,IND,3830,8422,45.48
2008,9,CURARREHUE,CARRASCO RUIZ HECTOR,RN,1898,4021,47.20
2008,9,ERCILLA,VILUGRON MARTINEZ JOSE,UDI,1246,4193,29.72
2008,9,FREIRE,ARIAS LOPEZ LUIS,PDC,5434,11073,49.07
2008,9,GALVARINO,HERNANDEZ SAFFIRIO MIGUEL,PDC,2589,6231,41.55
2008,9,GORBEA,SIEGMUND GONZALEZ GUIDO,UDI,3795,8059,47.09
2008,9,LAUTARO,HAURI GOMEZ RENATO,PDC,8353,14556,57.39
2008,9,LONCOCHE,PEÑA RIQUELME SERGIO,RN,6671,10649,62.64
2008,9,LONQUIMAY,VASQUEZ VEROIZA GUILLERMO ALBERTO,PPD,1830,4873,37.55
2008,9,LOS SAUCES,VILCHES ALVAREZ RAMON,PDC,2521,4493,56.11
2008,9,LUMACO,PAINIQUEO TRAGNOLAO MANUEL,PS,2397,5365,44.68
2008,9,MELIPEUCO,NAVARRETE FUENTES EDUARDO,UDI,1298,3150,41.21
2008,9,NUEVA IMPERIAL,SALAS TRAUTMANN MANUEL,PDC,6552,14377,45.57
2008,9,PADRE LAS CASAS,DELGADO CASTRO JUAN EDUARDO,RN,7988,20744,38.51
2008,9,PERQUENCO,MUÑOZ PEREZ LUIS ALBERTO,PDC,1926,3789,50.83
2008,9,PITRUFQUEN,CATALAN CANDIA HUMBERTO,IND,5620,10574,53.15
2008,9,PUCON,MANSILLA BARRIA EDITA,PPD,4055,9263,43.78
2008,9,PUREN,QUIÑONES LARA BENIGNO,PDC,4418,6071,72.77
2008,9,RENAICO,MORALES URRA IVONNE,IND,1819,4812,37.80
2008,9,SAAVEDRA,TRIPAINAO CALFULAF RICARDO,PPD,2990,6386,46.82
2008,9,TEMUCO,BECKER ALVEAR MIGUEL,RN,42855,87004,49.26
2008,9,TEODORO SCHMIDT,PEZO MARDONES YOLANDA,RN,3707,7832,47.33
2008,9,TOLTEN,GARCIA FERLICE RAFAEL,UDI,2791,5048,55.29
2008,9,TRAIGUEN,OSSES PONCE RIGOBERTO,IND,2994,9998,29.95
2008,9,VICTORIA,MONSALVES CASTILLO HUGO,IND,6340,16056,39.49
2008,9,VILCUN,VILLANUEVA RUBILAR PATRICIO,PPD,5634,10820,52.07
2008,9,VILLARRICA,ASTETE MERMOUD PABLO,RN,14624,21335,68.54
2008,10,ANCUD,KRUGER FINSTERBUSCH FEDERICO ENRIQUE,UDI,8896,17620,50.49
2008,10,CALBUCO,CARDENAS GOMEZ RUBEN ROLANDO,PRSD,5935,11442,51.87
2008,10,CASTRO,AGUILA SERPA NELSON HUGO,PDC,8998,14310,62.88
2008,10,CHAITEN,VASQUEZ CELEDON PEDRO,IND,1483,2925,50.70
2008,10,CHONCHI,ANDRADE OYARZUN PEDRO GERARDO,PDC,2917,5692,51.25
2008,10,COCHAMO,SOTO SOTOMAYOR CARLOS,PRSD,1018,2123,47.95
2008,10,CURACO DE VELEZ,CURUMILLA SOTOMAYOR LUIS,PDC,1467,2114,69.39
2008,10,DALCAHUE,HURTADO ALVAREZ ALFREDO,PDC,2746,4415,62.20
2008,10,FRESIA,ESPINOZA VILLALOBOS BERNARDO ALEJANDRO,PS,3315,7331,45.22
2008,10,FRUTILLAR,ESPINOZA SANDOVAL RAMON,PS,5318,7336,72.49
2008,10,FUTALEUFU,CARVALLO PARDO HECTOR ARTURO,PDC,562,1220,46.07
2008,10,HUALAIHUE,IBACACHE MUÑOZ FREDDY ALEJANDRO,PPD,1825,4511,40.46
2008,10,LLANQUIHUE,VASQUEZ VASQUEZ FERNANDO,IND,3438,7694,44.68
2008,10,LOS MUERMOS,GONZALEZ BURGOS EMILIO,UDI,5937,7316,81.15
2008,10,MAULLIN,CARCAMO CARCAMO JUAN ERWIN,PDC,3579,7070,50.62
2008,10,OSORNO,BERTIN VALENZUELA JAIME,PDC,30487,62622,48.68
2008,10,PALENA,DELGADO CASANOVA ALADIN,RN,454,965,47.05
2008,10,PUERTO MONTT,QUINTEROS LARA RABINDRANATH,PS,38724,60972,63.51
2008,10,PUERTO OCTAY,MANCILLA SOLIS CARLOS,PDC,3338,4796,69.60
2008,10,PUERTO VARAS,BAHAMONDE CEA RAMON,UDI,10047,15840,63.43
2008,10,PUQUELDON,CARCAMO BARRIA ELSON,IND,1443,2436,59.24
2008,10,PURRANQUE,NEGRON SCHWERTER CESAR,PS,4441,10719,41.43
2008,10,PUYEHUE,NUÑEZ MORALES MARIA JIMENA,UDI,2791,6423,43.45
2008,10,QUEILEN,GOMEZ MIRANDA CARLOS,PDC,2247,2627,85.53
2008,10,QUELLON,HARO URIBE OSVALDO IVAN,RN,4543,8034,56.55
2008,10,QUEMCHI,MACIAS DEMARCHI LUIS,IND,2434,4263,57.10
2008,10,QUINCHAO,TORRES AGUILA SANTIAGO,IND,2089,3831,54.53
2008,10,RIO NEGRO,SCHWALM URZUA CARLOS,RN,3273,7357,44.49
2008,10,SAN JUAN DE LA COSTA,OYARZO RUIZ JAVIER,RN,1924,4270,45.06
2008,10,SAN PABLO,ALVARADO AGUERO OMAR,PDC,4331,5956,72.72
2008,11,AISEN,MARTINEZ SANCHEZ MARISOL,PS,4356,9100,47.87
2008,11,CHILE CHICO,MUÑOZ GONZALEZ LUPERCIANO,PPD,1457,2639,55.21
2008,11,CISNES,VALDES GUTIERREZ LUIS,PS,1219,2204,55.31
2008,11,COCHRANE,ULLOA GEORGIA PATRICIO,UDI,926,1467,63.12
2008,11,COYHAIQUE,MUÑOZ SIERRA OMAR,UDI,7493,19864,37.72
2008,11,GUAITECAS,MIRANDA CHIGUAY LUIS ANTONIO,RN,371,846,43.85
2008,11,LAGO VERDE,ALDEA CADAGAN GASPAR,PS,250,666,37.54
2008,11,O'HIGGINS,FICA GOMEZ JOSE CLAUDIO,PDC,176,358,49.16
2008,11,RIO IBAÑEZ,ALARCON ESCOBAR EMILIO,UDI,1050,1656,63.41
2008,11,TORTEL,LOPEZ SIERRA BERNARDO ALEJANDRO,PPD,217,330,65.76
2008,12,CABO DE HORNOS,HENRIQUEZ MATUS HUGO PATRICIO,PRSD,308,889,34.65
2008,12,LAGUNA BLANCA,RITTER RODRIGUEZ ELEAZAR AUGUSTO RICARDO,UDI,355,663,53.54
2008,12,NATALES,PAREDES MANSILLA JOSE FERNANDO,UDI,3982,8609,46.25
2008,12,PORVENIR,CALLAHAN GIDDINGS FERNANDO RENE,UDI,1144,2622,43.63
2008,12,PRIMAVERA,OLEA CELSI LUIS RICARDO,UDI,413,766,53.92
2008,12,PUNTA ARENAS,MIMICA CARCAMO VLADIMIRO SERGIO,IND,26357,48282,54.59
2008,12,RIO VERDE,VASQUEZ BARRIENTOS SILVIA TATIANA,UDI,357,357,100.00
2008,12,SAN GREGORIO,MANDRIAZA MUÑOZ CARLOS,PDC,271,511,53.03
2008,12,TIMAUKEL,SIMUNOVIC OJEDA ALFONSO DE LOURDES,UDI,197,394,50.00
2008,12,TORRES DEL PAINE,CARDENAS RODRIGUEZ ANAHI,IND,580,1169,49.62
2008,13,ALHUE,SEPULVEDA SANCHEZ YOONITT,IND,1266,2740,46.20
2008,13,BUIN,ETCHEVERRY DUHALDE RODRIGO,UDI,15994,29769,53.73
2008,13,CALERA DE TANGO,VALENZUELA SANTIBAÑEZ ERASMO,IND,5232,9504,55.05
2008,13,CERRILLOS,ALMENDARES CALDERON ALEJANDRO,RN,20708,31607,65.52
2008,13,CERRO NAVIA,PLAZA SANCHEZ LUIS ALBERTO,RN,28369,54437,52.11
2008,13,COLINA,OLAVARRIA RODRIGUEZ MARIO,UDI,16293,28349,57.47
2008,13,CONCHALI,MALVOA HERNANDEZ RUBEN,RN,25843,59641,43.33
2008,13,CURACAVI,BARROS ECHENIQUE JOSE GUILLERMO,UDI,5867,11604,50.56
2008,13,EL BOSQUE,MELO MOYA SADI LEONARDO,PS,30203,64945,46.51
2008,13,EL MONTE,TELLO LAZCANO JUAN CARLOS,RN,7215,13396,53.86
2008,13,ESTACION CENTRAL,DELGADO MOCARQUER RODRIGO,UDI,21404,59048,36.25
2008,13,HUECHURABA,PLAZA GUZMAN CAROLINA,IND,16458,27781,59.24
2008,13,INDEPENDENCIA,GARRIDO MARDONES ANTONIO ALEJANDRO,RN,18300,36021,50.80
2008,13,ISLA DE MAIPO,MORALES NORDETTI DAVID,PDC,6102,12124,50.33
2008,13,LA CISTERNA,REBOLLEDO PIZARRO SANTIAGO,PPD,23846,40392,59.04
2008,13,LA FLORIDA,GAJARDO GARCIA JORGE,PS,69106,130912,52.79
2008,13,LA GRANJA,ARRIAGADA MACAYA CLAUDIO,PDC,30165,45258,66.65
2008,13,LA PINTANA,PAVEZ MORENO JAIME,PPD,30336,46142,65.74
2008,13,LA REINA,MONTT DUBOURNAIS LUIS,RN,24335,46943,51.84
2008,13,LAMPA,ORTUZAR NOVOA GRACIELA,RN,7891,17113,46.11
2008,13,LAS CONDES,DE LA MAZA CHADWICK FRANCISCO,UDI,84625,111115,76.16
2008,13,LO BARNECHEA,GUEVARA STEPHENS FELIPE,RN,21062,26554,79.32
2008,13,LO ESPEJO,INOSTROZA OJEDA CARLOS,PDC,17526,42087,41.64
2008,13,LO PRADO,NAVARRETE MUÑOZ GONZALO,PPD,26839,44292,60.60
2008,13,MACUL,PUYOL CARREÑO SERGIO,PDC,34138,51905,65.77
2008,13,MAIPU,UNDURRAGA VICUÑA ALBERTO,PDC,90961,135867,66.95
2008,13,MARIA PINTO,ARAOS AGUIRRE CESAR,IND,2415,5194,46.50
2008,13,MELIPILLA,GEBAUER BRINGAS MARIO,PPD,24133,42414,56.90
2008,13,ÑUÑOA,SABAT PIETRACAPRINA PEDRO ANTONIO,RN,55202,94207,58.60
2008,13,PADRE HURTADO,ARELLANO MERINO JOSE MIGUEL,RN,8121,15233,53.31
2008,13,PAINE,VERGARA RODRIGUEZ DIEGO,RN,11943,22500,53.08
2008,13,PEDRO AGUIRRE CERDA,NUÑEZ JIMENEZ CLAUDINA,PCCH,25786,48998,52.63
2008,13,PEÑAFLOR,FUENTES ROSALES MANUEL,UDI,20268,30435,66.59
2008,13,PEÑALOLEN,ORREGO LARRAIN CLAUDIO,PDC,47729,81785,58.36
2008,13,PIRQUE,BALMACEDA UNDURRAGA CRISTIAN,IND,5907,9583,61.64
2008,13,PROVIDENCIA,LABBE GALILEA CRISTIAN,UDI,43217,67506,64.02
2008,13,PUDAHUEL,CARRASCO CERDA JOHNNY,PS,39104,58883,66.41
2008,13,PUENTE ALTO,OSSANDON IRARRAZABAL MANUEL JOSE,RN,81191,115818,70.10
2008,13,QUILICURA,CARRASCO CONTRERAS JUAN,IND,20083,44590,45.04
2008,13,QUINTA NORMAL,FERNANDEZ ARAYA MANUEL,PDC,20904,45692,45.75
2008,13,RECOLETA,LETELIER GONZALEZ SOL,UDI,29688,64245,46.21
2008,13,RENCA,BARAHONA KUNSTMANN VICKY,UDI,31913,49388,64.62
2008,13,SAN BERNARDO,CUEVAS CONTRERAS NORA,UDI,40385,83825,48.18
2008,13,SAN JOAQUIN,ECHEVERRIA GARCIA SERGIO,PPD,27065,42790,63.25
2008,13,SAN JOSE DE MAIPO,PEZOA ALVAREZ LUIS,RN,2485,8115,30.62
2008,13,SAN MIGUEL,PALESTRO VELASQUEZ JULIO,PS,24161,42886,56.34
2008,13,SAN PEDRO,FLORES ARMIJO FLORENTINO,PDC,1882,4583,41.06
2008,13,SAN RAMON,ISLA FARIAS PEDRO,PDC,14983,40583,36.92
2008,13,SANTIAGO,ZALAQUETT SAID PABLO,UDI,49100,103928,47.24
2008,13,TALAGANTE,LEIVA CARVAJAL RAUL,IND,11126,24900,44.68
2008,13,TILTIL,DELGADILLO BASCUÑAN SALVADOR EMILIO,PCCH,3238,6805,47.58
2008,13,VITACURA,TORREALBA DEL PEDREGAL RAUL,RN,25431,45040,56.46
2008,14,CORRAL,PEREZ GONZALEZ GASTON,IND,1784,3225,55.32
2008,14,FUTRONO,TATTER OÑATE JORGE,UDI,3292,6445,51.08
2008,14,LA UNION,CARVALLO GOMEZ HILDA,IND,8953,18183,49.24
2008,14,LAGO RANCO,ROSAS LOBOS SANTIAGO,PDC,2283,4832,47.25
2008,14,LANCO,CUVERTINO GOMEZ LUIS,PS,3618,7454,48.54
2008,14,LOS LAGOS,TORRES SEPULVEDA SAMUEL,IND,3064,8742,35.05
2008,14,MAFIL,HENZI BECKER MOIRA,UDI,1622,3840,42.24
2008,14,MARIQUINA,MITRE GATICA GUILLERMO ROLANDO,RN,4425,8848,50.01
2008,14,PAILLACO,REYES PAINEQUEO RAMONA,PS,4438,10060,44.12
2008,14,PANGUIPULLI,ARAVENA RIFFO RENE,IND,4873,13411,36.34
2008,14,RIO BUENO,REYES ALVAREZ LUIS,UDI,8777,15412,56.95
2008,14,VALDIVIA,BERGER FETT BERNARDO,RN,34158,56950,59.98
2008,1,ARICA,SANKAN MARTINEZ WALDO,IND,28727,64480,44.55
2008,1,CAMARONES,ROMERO MENACHO MARTIN IVAN,IND,847,2780,30.47
2008,1,GENERAL LAGOS,MENDOZA CHURA GREGORIO MARIO,RN,628,1305,48.12
2008,1,PUTRE,CARRASCO ARIAS ANGELO ALEJANDRO,PPD,1580,3442,45.90
2012,1,ALTO HOSPICIO,GALLEGUILLOS CASTILLO RAMON,UDI,7448,12329,60.41
2012,1,CAMIÑA,GARCIA CACERES SIXTO,RN,858,1633,52.54
2012,1,COLCHANE,MAMANI GARCIA TEOFILO,RN,671,1507,44.53
2012,1,HUARA,SILVA RIQUELME CARLOS ENRIQUE,PRSD,1405,2574,54.58
2012,1,IQUIQUE,SORIA QUIROGA JORGE ALEJANDRO,IND,29396,56961,51.61
2012,1,PICA,NUÑEZ HERRERA MIGUEL ANGEL,PDC,1542,2997,51.45
2012,1,POZO ALMONTE,MUÑOZ CACERES JOSE FERNANDO,IND,1424,4435,32.11
2012,2,ANTOFAGASTA,ROJO VENEGAS KAREN PAULINA,IND,35110,73297,47.90
2012,2,CALAMA,VELASQUEZ NUÑEZ ESTEBAN,IND,23769,40909,58.10
2012,2,MARIA ELENA,GODOY BOLVARAN JORGE,PS,1284,2579,49.79
2012,2,MEJILLONES,CARVAJAL FERREIRA MARCELINO,PPD,2395,4612,51.93
2012,2,OLLAGUE,REYGADAS BAVESTRELLO CARLOS,UDI,436,704,61.93
2012,2,SAN PEDRO DE ATACAMA,BERNA MARTINEZ SANDRA,PDC,1295,3025,42.81
2012,2,SIERRA GORDA,GUERRERO VENEGAS JOSE,IND,598,1074,55.68
2012,2,TALTAL,ORELLANA MONTEJO SERGIO BELMOR,PRSD,2886,5256,54.91
2012,2,TOCOPILLA,SAN ROMAN BASCUÑAN FERNANDO,IND,3073,9019,34.07
2012,3,ALTO DEL CARMEN,BOU BOU CARMEN ANTONIA,IND,791,3019,26.20
2012,3,CALDERA,GONZALEZ BRIZUELA PATRICIA,IND,3549,6581,53.93
2012,3,CHAÑARAL,VOLTA ROJAS HECTOR ANTONIO,PRSD,2765,5253,52.64
2012,3,COPIAPO,CICARDINI NEYRA MAGLIO,IND,20632,40712,50.68
2012,3,DIEGO DE ALMAGRO,ZAVALA TORRES ISAIAS FLORENCIO,PCCh,2726,5277,51.66
2012,3,FREIRINA,ORELLANA ORELLANA CESAR ANTONIO,PS,1695,3284,51.61
2012,3,HUASCO,LOYOLA MORENILLA RODRIGO,PPD,2935,4261,68.88
2012,3,TIERRA AMARILLA,DELGADO QUEVEDO OSVALDO,PRO,2976,6009,49.53
2012,3,VALLENAR,TAPIA RAMOS CRISTIAN HERNANDO,MAS,7624,17158,44.43
2012,4,ANDACOLLO,ALFARO ARAVENA JUAN CARLOS,PS,3635,6070,59.88
2012,4,CANELA,LEYTON LEMUS JUAN BERNARDO,IND,2612,5202,50.21
2012,4,COMBARBALA,CASTILLO DIAZ PEDRO MIGUEL ANGEL,IND,2800,6535,42.85
2012,4,COQUIMBO,GALLEGUILLOS VEGA CRISTIAN MARCELO,PDC,23477,51379,45.69
2012,4,ILLAPEL,CORTES VARGAS DENIS,IND,7699,12919,59.59
2012,4,LA HIGUERA,GALLEGUILLOS OSSANDON YERKO,UDI,874,2608,33.51
2012,4,LA SERENA,JACOB JURE ROBERTO,PRSD,31968,47032,67.97
2012,4,LOS VILOS,MARCARIAN JULIO MANUEL YAHNOSSE,IND,4244,8599,49.35
2012,4,MONTE PATRIA,CASTILLO BOILET JUAN CARLOS,PDC,6741,12395,54.38
2012,4,OVALLE,RENTERIA LARRONDO CLAUDIO,IND,14170,34564,41.00
2012,4,PAIHUANO,TORRES MEDINA LORENZO ROBERTO,PPD,1657,2903,57.08
2012,4,PUNITAQUI,VALDIVIA RAMIREZ PEDRO ALEJANDRO,IND,3139,5375,58.40
2012,4,RIO HURTADO,VALENZUELA ROJAS JAIME GARY,RN,1667,2841,58.68
2012,4,SALAMANCA,ROJAS ESCUDERO GERARDO,PPD,5558,10427,53.30
2012,4,VICUÑA,VERA CASTILLO RAFAEL,PDC,5062,10628,47.63
2012,5,ALGARROBO,GALVEZ FUENZA JAIME,IND,3400,6002,56.65
2012,5,CABILDO,ALIAGA DIAZ PATRICIO,IND,4016,9131,43.98
2012,5,CALERA,MARTINEZ MACHUCA EDUARDO,PDC,9988,16328,61.17
2012,5,CALLE LARGA,VENEGAS SALAZAR NELSON,PS,4208,6005,70.07
2012,5,CARTAGENA,GARCIA TAPIA RODRIGO,IND,4683,8998,52.04
2012,5,CASABLANCA,MARTINEZ ROCA RODRIGO,RN,4004,10994,36.42
2012,5,CATEMU,LUKSIC NIETO BORIS,RN,2618,6281,41.68
2012,5,CONCON,SUMONTE GONZALEZ OSCAR,IND,6491,16431,39.50
2012,5,EL QUISCO,CARRASCO PIZARRO NATALIA,PDC,3265,5754,56.74
2012,5,EL TABO,JORQUERA ROMERO EMILIO,PPD,2567,5303,48.41
2012,5,HIJUELAS,ROSSAT ARRIAGADA VERONICA,UDI,5707,7361,77.53
2012,5,ISLA DE PASCUA,EDMUNDS PAOA PEDRO PABLO,PRO,1013,2366,42.81
2012,5,JUAN FERNANDEZ,PAREDES VERGARA FELIPE,IND,268,505,53.07
2012,5,LA CRUZ,LARRONDO LABORDE MAITE,UDI,3360,6371,52.74
2012,5,LA LIGUA,SANCHEZ VILLALOBOS RODRIGO,PCCh,7841,15145,51.77
2012,5,LIMACHE,MORALES ESPINDOLA DANIEL,IND,9787,15198,64.40
2012,5,LLAY-LLAY,MARILLANCA RAMIREZ MARIO,PDC,5843,10148,57.58
2012,5,LOS ANDES,NAVARRO SALINAS MAURICIO,PDC,10363,19849,52.21
2012,5,NOGALES,CORTES PUEBLA OSCAR,PDC,5718,9578,59.70
2012,5,OLMUE,SANTELICES CAÑAS MACARENA,IND,3921,7460,52.56
2012,5,PANQUEHUE,PRADENAS MORAN LUIS,UDI,1887,3761,50.17
2012,5,PAPUDO,PRIETO VALDES ROSA,RN,1933,3407,56.74
2012,5,PETORCA,VALDENEGRO RUBILLO GUSTAVO,IND,2460,5190,47.40
2012,5,PUCHUNCAVI,ROJAS JULIO HUGO,IND,4490,7616,58.95
2012,5,PUTAENDO,REYES CORTES GUILLERMO,PS,5054,7179,70.40
2012,5,QUILLOTA,MELLA GAJARDO LUIS,PDC,20497,29427,69.65
2012,5,QUILPUE,VIÑAMBRES ADASME MAURICIO,PS,24330,38628,62.99
2012,5,QUINTERO,CARRASCO PARDO MAURICIO,IND,4727,10990,43.01
2012,5,RINCONADA,CABALLERIA DIAZ PEDRO,PDC,2633,5199,50.64
2012,5,SAN ANTONIO,VERA CASTRO OMAR,IND,22676,29166,77.75
2012,5,SAN ESTEBAN,MARDONES VALENCIA RENE,IND,4539,7409,61.26
2012,5,SAN FELIPE,FREIRE CANTO PATRICIO,IND,8525,24273,35.12
2012,5,SANTA MARIA,ZURITA IBARRA CLAUDIO,PPD,6262,6826,91.74
2012,5,SANTO DOMINGO,RODRIGUEZ LARRAIN FERNANDO,UDI,4795,4795,100.00
2012,5,VALPARAISO,CASTRO MUÑOZ JORGE,UDI,40210,87331,46.04
2012,5,VILLA ALEMANA,SABAT MARCOS JOSE,IND,14490,28953,50.05
2012,5,VIÑA DEL MAR,REGINATO BOZZO VIRGINIA,UDI,61650,97153,63.46
2012,5,ZAPALLAR,COX URREJOLA NICOLAS,RN,2629,4143,63.46
2012,6,CHEPICA,COFRE CALDERON REBECA,UDI,4483,8023,55.88
2012,6,CHIMBARONGO,MELLADO PINO COSME,PRI,6908,13045,52.96
2012,6,CODEGUA,SILVA GUTIERREZ ANA MARIA,PDC,2859,6199,46.12
2012,6,COINCO,VALENZUELA ABARCA GREGORIO,RN,2272,4099,55.43
2012,6,COLTAUCO,JORQUERA VIDAL RUBEN,PS,3505,7102,49.35
2012,6,DOÑIHUE,ACUÑA GONZALEZ BORIS,PPD,4157,8485,48.99
2012,6,GRANEROS,SEGOVIA COFRE CLAUDIO,IND,6713,13548,49.55
2012,6,LA ESTRELLA,FERNANDEZ MORI GASTON OCTAVIO,IND,1391,2561,54.31
2012,6,LAS CABRAS,LEIVA PARRA RIGOBERTO,UDI,3475,9866,35.22
2012,6,LITUECHE,ACUÑA ECHEVERRIA RENE,UDI,2130,4158,51.23
2012,6,LOLOL,MARIN RODRIGUEZ MARCO ANTONIO,IND,3216,4899,65.65
2012,6,MACHALI,URRUTIA CELIS JOSE MIGUEL,UDI,8131,12654,64.26
2012,6,MALLOA,BARRA VILLANUEVA LUIS,PPD,2966,7503,39.53
2012,6,MARCHIGUE,FLORES PEÑALOZA HECTOR HERNAN,UDI,2946,4260,69.15
2012,6,MOSTAZAL,MEDEL ACOSTA SERGIO,UDI,6365,11169,56.99
2012,6,NANCAGUA,DUARTE RABELLO WILSON MANUEL,IND,4345,8343,52.08
2012,6,NAVIDAD,MALDONADO MONDACA HORACIO,IND,1680,3357,50.04
2012,6,OLIVAR,MONTERO CARRASCO MARIA ESTRELLA,IND,2945,6486,45.41
2012,6,PALMILLA,PAREDES VALDES GLORIA,PDC,3023,6167,49.02
2012,6,PAREDONES,ORMAZABAL LOPEZ SAMMY,PPD,2127,4073,52.22
2012,6,PERALILLO,GUAJARDO LEON FABIAN,PPD,3146,5980,52.61
2012,6,PEUMO,CARREÑO CARREÑO FERMIN ALEJANDRO,IND,3673,7549,48.66
2012,6,PICHIDEGUA,CERON GONZALEZ RUBEN ADOLFO,PRSD,5547,8888,62.41
2012,6,PICHILEMU,CORDOVA CARREÑO ROBERTO,PS,3507,7138,49.13
2012,6,PLACILLA,LATORRE MUÑOZ JOAQUIN INOCENCIO,IND,2632,5238,50.25
2012,6,PUMANQUE,CASTRO GALVEZ FRANCISCO,RN,1369,2625,52.15
2012,6,QUINTA DE TILCOCO,BARRIOS OROSTEGUI NELSON,PPD,4789,7459,64.20
2012,6,RANCAGUA,SOTO ROMERO EDUARDO PATRICIO,UDI,48174,68854,69.97
2012,6,RENGO,SOTO GONZALEZ CARLOS ERNESTO,IND,11556,20487,56.41
2012,6,REQUINOA,SILVA VARGAS LUIS ANTONIO,IND,6455,11228,57.49
2012,6,SAN FERNANDO,BERWART ARAYA LUIS ANTONIO,IND,9086,25618,35.47
2012,6,SAN VICENTE,GONZALEZ RAMIREZ JAIME,PS,11876,19709,60.26
2012,6,SANTA CRUZ,AREVALO CORNEJO WILLIAM,IND,10207,14857,68.70
2012,7,CAUQUENES,MUÑOZ ROJAS JUAN CARLOS,RN,11418,20918,54.58
2012,7,CHANCO,DIAZ MEZA VIVIANA ESCARLETTE,RN,3762,6344,59.30
2012,7,COLBUN,MUÑOZ OSES PEDRO PABLO,IND,4747,9903,47.93
2012,7,CONSTITUCION,VALENZUELA GAJARDO CARLOS,IND,9590,19039,50.37
2012,7,CUREPTO,CONCHA GONZALEZ RENE,IND,3909,6156,63.50
2012,7,CURICO,MUÑOZ RIQUELME JAVIER ANTONIO,PDC,29283,47908,61.12
2012,7,EMPEDRADO,TEJOS PEREZ GONZALO ANTONIO,UDI,1481,3150,47.02
2012,7,HUALAÑE,PUCHER LIZAMA CLAUDIO,RN,2994,5866,51.04
2012,7,LICANTEN,FERNANDEZ VILOS OSCAR MARCELO,IND,1810,4462,40.56
2012,7,LINARES,RENTERIA MOLLER ROLANDO,UDI,17728,35180,50.39
2012,7,LONGAVI,BRIONES ARAICE MARIO ANTONIO,PPD,7349,15134,48.56
2012,7,MAULE,VASQUEZ GALVEZ LUIS,PDC,5464,9291,58.81
2012,7,MOLINA,CASTILLO GERLI PRISCILLA,PDC,12256,20370,60.17
2012,7,PARRAL,RETAMAL URRUTIA PAULA,UDI,10343,19110,54.12
2012,7,PELARCO,VASQUEZ BOBADILLA BERNARDO,UDI,2460,4829,50.94
2012,7,PELLUHUE,LEAL BUSTOS NELSON,IND,2881,4535,63.53
2012,7,PENCAHUE,LARA LEIVA LUCY,RN,3149,6762,46.57
2012,7,RAUCO,OLIVARES FARIAS ENRIQUE FRANCISCO,PRSD,3286,5661,58.05
2012,7,RETIRO,RAMIREZ PARRA RODRIGO,RN,5537,9575,57.83
2012,7,RIO CLARO,GUAJARDO OYARCE CLAUDIO ARTURO,RN,3130,6312,49.59
2012,7,ROMERAL,VERGARA ZEREGA CARLOS ALBERTO,IND,3358,7720,43.50
2012,7,SAGRADA FAMILIA,ARRIAGADA URRUTIA MARTIN,UDI,4815,9372,51.38
2012,7,SAN CLEMENTE,ROJAS VERGARA JUAN,PDC,12052,17171,70.19
2012,7,SAN JAVIER,FERNANDEZ CHAVARRI PEDRO PABLO,PDC,8217,17747,46.30
2012,7,SAN RAFAEL,DIAZ BRAVO CLAUDIA,PDC,1870,4907,38.11
2012,7,TALCA,CASTRO PRIETO JUAN,IND,42416,73753,57.51
2012,7,TENO,VALENZUELA PEREZ SANDRA,UDI,6738,11721,57.49
2012,7,VICHUQUEN,PAVEZ LOPEZ ROMAN,PPD,1235,3562,34.67
2012,7,VILLA ALEGRE,PALMA VILCHES ARTURO,PPD,4655,7062,65.92
2012,7,YERBAS BUENAS,CADEGAN MORAN LUIS,IND,4131,8343,49.51
2012,8,ALTO BIOBIO,PIÑALEO LLAULEN NIVALDO,IND,1597,2812,56.79
2012,8,ANTUCO,SOLAR JARA CLAUDIO,PDC,1198,2529,47.37
2012,8,ARAUCO,ALARCON GUZMAN MAURICIO,IND,8484,15256,55.61
2012,8,BULNES,SANCHEZ FUENTES ERNESTO,IND,5722,11220,51.00
2012,8,CABRERO,GIERKE QUEVEDO MARIO,IND,7924,13635,58.12
2012,8,CAÑETE,SILVA SANHUEZA ABRAHAM,PDC,7023,13561,51.79
2012,8,CHIGUAYANTE,RIVAS VILLALOBOS ANTONIO,PS,13435,26893,49.96
2012,8,CHILLAN,ZARZAR ANDONIE SERGIO,IND,26405,60606,43.57
2012,8,CHILLAN VIEJO,AYLWIN LAGOS FELIPE,IND,5744,10898,52.71
2012,8,COBQUECURA,CARO CARO OSVALDO,IND,1866,3668,50.87
2012,8,COELEMU,ARAVENA ALARCON LAURA,IND,5297,9577,55.31
2012,8,COIHUECO,CHANDIA ALARCON CARLOS LUIS,IND,5692,11646,48.88
2012,8,CONCEPCION,ORTIZ VERA ALVARO,PDC,39363,71362,55.16
2012,8,CONTULMO,IBAÑEZ BURGOS DIEGO,PS,1326,3400,39.00
2012,8,CORONEL,ROMERO SAEZ LEONIDAS,IND,17384,38665,44.96
2012,8,CURANILAHUE,GENGNAGEL GUTIERREZ LUIS ALBERTO,IND,7772,15890,48.91
2012,8,EL CARMEN,SAN MARTIN RUBILAR JOSE,PDC,4676,7666,61.00
2012,8,FLORIDA,ROA VILLEGAS JORGE,PDC,1962,6325,31.02
2012,8,HUALPEN,LAGOS LIZAMA FABIOLA,PPD,12157,31149,39.03
2012,8,HUALQUI,FUENTES PALMA RICARDO,IND,7220,9725,74.24
2012,8,LAJA,PINTO ALBORNOZ JOSE,PS,5768,11090,52.01
2012,8,LEBU,PEÑA MORALES CRISTIAN ABEL,IND,6529,10741,60.79
2012,8,LOS ALAMOS,FUENTES FETIS JORGE,UDI,3254,9836,33.08
2012,8,LOS ANGELES,KRAUSE SALAZAR ESTEBAN,PRSD,26744,59060,45.28
2012,8,LOTA,MARCHANT ULLOA PATRICIO,IND,11086,24991,44.36
2012,8,MULCHEN,RIVAS FIGUEROA JORGE,PDC,6740,13158,51.22
2012,8,NACIMIENTO,INOSTROZA RAMIREZ HUGO,PPD,6380,12424,51.35
2012,8,NEGRETE,MELO MARQUEZ JAVIER,IND,2927,5431,53.89
2012,8,NINHUE,BLANCO HADI CARMEN,RN,2354,4417,53.29
2012,8,ÑIQUEN,PINO TURRA MANUEL,UDI,3571,6331,56.40
2012,8,PEMUCO,GUIÑEZ NUÑEZ JACQUELINE,IND,2325,5154,45.11
2012,8,PENCO,FIGUEROA REBOLLEDO VICTOR HUGO,PDC,9323,22014,42.35
2012,8,PINTO,CHAVEZ GUIÑEZ FERNANDO,UDI,5401,6627,81.50
2012,8,PORTEZUELO,SCHUFFENEGER SALAS RENE GUSTAVO,RN,2262,4053,55.81
2012,8,QUILACO,TIRAPEGUI MUÑOZ ROLANDO,IND,1133,2858,39.64
2012,8,QUILLECO,TAPIA AVELLO RODRIGO,IND,2251,5540,40.63
2012,8,QUILLON,GYHRA SOTO ALBERTO,RN,4487,8390,53.48
2012,8,QUIRIHUE,IRRIBARRA RAMIREZ RICHARD,PRSD,3204,6658,48.12
2012,8,RANQUIL,GARRIDO CARCAMO CARLOS,UDI,2042,3860,52.90
2012,8,SAN CARLOS,GEBRIE ASFURA HUGO,RN,12375,22937,53.95
2012,8,SAN FABIAN,JARDUA CAMPOS LORENA,IND,1965,3036,64.72
2012,8,SAN IGNACIO,OLIVARES BUSTAMANTE WILSON,PRSD,4403,8336,52.82
2012,8,SAN NICOLAS,TORO LEIVA VICTOR,PDC,3121,6201,50.33
2012,8,SAN PEDRO DE LA PAZ,RETAMAL LAZO AUDITO,IND,10107,29957,33.74
2012,8,SAN ROSENDO,SEPULVEDA SAN MARTIN OVIDIO,PDC,1607,2982,53.89
2012,8,SANTA BARBARA,SALAMANCA PEREZ DANIEL SEBASTIAN,PDC,2649,6523,40.61
2012,8,SANTA JUANA,CASTRO MEDINA ANGEL,PDC,4527,7335,61.72
2012,8,TALCAHUANO,SAAVEDRA CHANDIA GASTON,PS,36174,48212,75.03
2012,8,TIRUA,MILLABUR ÑANCUIL ADOLFO,IND,2405,5361,44.86
2012,8,TOME,RIVAS ORTIZ IVONNE,PDC,12700,23877,53.19
2012,8,TREGUACO,CUEVAS IBARRA LUIS,IND,2251,4379,51.40
2012,8,TUCAPEL,FERNANDEZ ALISTER JOSE ANTONIO,IND,3817,7540,50.62
2012,8,YUMBEL,CABEZAS VEGA CAMILO ENRIQUE,PH,5385,11283,47.73
2012,8,YUNGAY,INOSTROZA VALENZUELA PEDRO,UDI,5422,8769,61.83
2012,9,ANGOL,VALDEBENITO BURGOS OBDULIO,PDC,9509,21707,43.81
2012,9,CARAHUE,VERA PAREDES PEDRO,PRSD,7744,13163,58.83
2012,9,CHOLCHOL,HUIRILEF BARRA LUIS,IND,3105,5946,52.22
2012,9,COLLIPULLI,ROSALES NEIRA LEOPOLDO,PS,7165,10278,69.71
2012,9,CUNCO,COKE CANDIA ANTONIO,PPD,3281,8324,39.42
2012,9,CURACAUTIN,SAQUEL ALBARRAN JORGE,IND,6006,8300,72.36
2012,9,CURARREHUE,PAINEFILO BARRIGA ABEL,PPD,2507,4506,55.64
2012,9,ERCILLA,VILUGRON MARTINEZ JOSE,UDI,1681,4277,39.30
2012,9,FREIRE,BRAVO BURGOS JOSE,RN,4815,9595,50.18
2012,9,GALVARINO,HUAIQUIL PAILLAL FERNANDO,IND,3206,6222,51.53
2012,9,GORBEA,MEZA MONCADA JUAN ESTEBAN,PRSD,3944,7765,50.79
2012,9,LAUTARO,JARAMILLO SALAZAR MIGUEL,PPD,7510,14562,51.57
2012,9,LONCOCHE,PEÑA RIQUELME SERGIO,RN,5831,9248,63.05
2012,9,LONQUIMAY,BARRIA OYARZUN GUIDO,IND,3303,5918,55.81
2012,9,LOS SAUCES,MELLA ARZOLA GASTON,UDI,2395,4782,50.08
2012,9,LUMACO,FUENTES INOSTROZA ALEJANDRO,IND,2798,5822,48.06
2012,9,MELIPEUCO,ESPINOZA PEREZ JUAN CARLOS,IND,1878,3525,53.28
2012,9,NUEVA IMPERIAL,SALAS TRAUTMANN MANUEL,PDC,7633,15188,50.26
2012,9,PADRE LAS CASAS,DELGADO CASTRO JUAN EDUARDO,RN,9922,20883,47.51
2012,9,PERQUENCO,MUÑOZ PEREZ LUIS ALBERTO,PDC,2882,3984,72.34
2012,9,PITRUFQUEN,CATALAN CANDIA HUMBERTO,IND,5891,10715,54.98
2012,9,PUCON,BARRA MATAMALA CARLOS,RN,6319,10397,60.78
2012,9,PUREN,RIVERA LEAL JORGE,PPD,2422,6619,36.59
2012,9,RENAICO,REINAO MARILAO JUAN CARLOS,IND,2192,5347,40.99
2012,9,SAAVEDRA,PAILLAFIL CALFULEN JUAN,IND,2689,6292,42.74
2012,9,TEMUCO,BECKER ALVEAR MIGUEL,RN,43086,79727,54.04
2012,9,TEODORO SCHMIDTH,RIQUELME ARRIAGADA ALFREDO,PPD,4382,8153,53.75
2012,9,TOLTEN,GARCIA FERLICE RAFAEL,UDI,2838,5151,55.10
2012,9,TRAIGUEN,OSSES PONCE RIGOBERTO,IND,3544,9759,36.32
2012,9,VICTORIA,MONSALVES CASTILLO HUGO,PRI,6435,13994,45.98
2012,9,VILCUN,AGUILERA VEGA SUSANA,PPD,5672,10977,51.67
2012,9,VILLARRICA,ASTETE MERMOUD PABLO,RN,13420,17938,74.81
2012,10,ANCUD,MORENO NUÑEZ SOLEDAD,IND,8523,16944,50.30
2012,10,CALBUCO,CARDENAS GOMEZ RUBEN ROLANDO,PRSD,5765,11285,51.09
2012,10,CASTRO,AGUILA SERPA NELSON HUGO,PDC,7834,14047,55.77
2012,10,CHAITEN,VASQUEZ CELEDON PEDRO,IND,701,2145,32.68
2012,10,CHONCHI,ANDRADE OYARZUN PEDRO GERARDO,PDC,3619,6700,54.01
2012,10,COCHAMO,SOTO SOTOMAYOR CARLOS,PRSD,1139,2172,52.44
2012,10,CURACO DE VELEZ,CURUMILLA SOTOMAYOR LUIS,PDC,1483,2211,67.07
2012,10,DALCAHUE,PEREZ MUÑOZ JUAN ALBERTO,RN,2297,5355,42.89
2012,10,FRESIA,GUARDA BARRIENTOS RODRIGO,IND,3839,7156,53.65
2012,10,FRUTILLAR,ESPINOZA SANDOVAL RAMON,PS,4326,7831,55.24
2012,10,FUTALEUFU,CARVALLO PARDO HECTOR ARTURO,PDC,669,1497,44.69
2012,10,HUALAIHUE,IBACACHE MUÑOZ FREDDY ALEJANDRO,PPD,2502,4813,51.98
2012,10,LLANQUIHUE,VASQUEZ VASQUEZ FERNANDO,PS,4380,8081,54.20
2012,10,LOS MUERMOS,GONZALEZ BURGOS EMILIO,UDI,4260,7298,58.37
2012,10,MAULLIN,WESTERMEIER ESTRADA JORGE JOHN,PDC,2565,7284,35.21
2012,10,OSORNO,BERTIN VALENZUELA JAIME,PDC,28761,47857,60.10
2012,10,PALENA,DELGADO CASANOVA ALADIN,RN,633,1177,53.78
2012,10,PUERTO MONTT,PAREDES ROJAS GERVOY AMADOR,PS,22296,49945,44.64
2012,10,PUERTO OCTAY,MANCILLA SOLIS CARLOS,PDC,2300,4378,52.54
2012,10,PUERTO VARAS,BERGER SCHMIDT ALVARO,PS,8695,15779,55.10
2012,10,PUQUELDON,MONTECINOS MONTIEL PEDRO NICOLAS,IND,1395,2568,54.32
2012,10,PURRANQUE,NEGRON SCHWERTER CESAR,PS,4326,10026,43.15
2012,10,PUYEHUE,QUEIPUL VIDAL JOSE LUIS,PDC,3921,6524,60.10
2012,10,QUEILEN,GODOY VELASQUEZ MANUEL JESUS,UDI,1482,3396,43.64
2012,10,QUELLON,OJEDA CHIGUAY CRISTIAN FELIPE,PDC,4301,9199,46.76
2012,10,QUEMCHI,MACIAS DEMARCHI LUIS,IND,2023,4136,48.91
2012,10,QUINCHAO,TORRES AGUILA SANTIAGO,IND,2413,3605,66.93
2012,10,RIO NEGRO,SCHWALM URZUA CARLOS,RN,4240,7175,59.09
2012,10,SAN JUAN DE LA COSTA,CANDIA HENRIQUEZ BERNARDO,PDC,2526,4090,61.76
2012,10,SAN PABLO,ALVARADO AGUERO OMAR,PDC,3863,5214,74.09
2012,11,AISEN,CATALAN SANCHEZ OSCAR,IND,4011,9217,43.52
2012,11,CHILE CHICO,MUÑOZ GONZALEZ LUPERCIANO,PPD,1301,2535,51.32
2012,11,CISNES,VALDES GUTIERREZ LUIS,PS,1213,2246,54.01
2012,11,COCHRANE,ULLOA GEORGIA PATRICIO,UDI,952,1513,62.92
2012,11,COYHAIQUE,HUALA CANUMAN RIGOBERTO ALEJANDRO,PS,9968,17102,58.29
2012,11,GUAITECAS,ALVARADO OYARZO CRISTIAN ALEJANDRO,IND,549,943,58.22
2012,11,LAGO VERDE,OPAZO LOPEZ NELSON,UDI,407,828,49.15
2012,11,O'HIGGINS,RECABAL CARCAMO ROBERTO,IND,129,409,31.54
2012,11,RIO IBAÑEZ,ALARCON ESCOBAR EMILIO,UDI,862,1524,56.56
2012,11,TORTEL,LOPEZ SIERRA BERNARDO ALEJANDRO,PPD,222,368,60.33
2012,12,CABO DE HORNOS,TAPIA VILLARROEL PAMELA ROSANNA,IND,304,809,37.58
2012,12,LAGUNA BLANCA,RITTER RODRIGUEZ ELEAZAR AUGUSTO RICARDO,UDI,524,674,77.74
2012,12,NATALES,PAREDES MANSILLA JOSE FERNANDO,UDI,5537,7903,70.06
2012,12,PORVENIR,ANDRADE CARDENAS MARISOL,IND,1646,2316,71.07
2012,12,PRIMAVERA,BRZTILO AVENDAÑO BLAGOMIR FERNANDO,IND,426,750,56.80
2012,12,PUNTA ARENAS,BOCCAZZI CAMPOS EMILIO,IND,16144,30315,53.25
2012,12,RIO VERDE,VASQUEZ BARRIENTOS SILVIA TATIANA,UDI,484,596,81.21
2012,12,SAN GREGORIO,CARCAMO ALDERETE EDGAR,IND,202,715,28.25
2012,12,TIMAUKEL,SIMUNOVIC OJEDA ALFONSO DE LOURDES,IND,264,567,46.56
2012,12,TORRES DEL PAINE,CARDENAS RODRIGUEZ ANAHI,IND,685,1182,57.95
2012,13,ALHUE,TORRES HUERTA ROBERTO,IND,1738,3160,55.00
2012,13,BUIN,BOZAN RAMOS ANGEL,IND,15359,28396,54.09
2012,13,CALERA DE TANGO,VALENZUELA SANTIBAÑEZ ERASMO,IND,5810,10134,57.33
2012,13,CERRILLOS,AGUIRRE GACITUA ARTURO,PS,11009,23419,47.01
2012,13,CERRO NAVIA,PLAZA SANCHEZ LUIS ALBERTO,RN,21527,45137,47.69
2012,13,COLINA,OLAVARRIA RODRIGUEZ MARIO,UDI,15475,27012,57.29
2012,13,CONCHALI,SOTTOLICHIO URQUIZA CARLOS,PPD,21508,42100,51.09
2012,13,CURACAVI,BARROS BASSO JUAN PABLO,IND,7735,12021,64.35
2012,13,EL BOSQUE,MELO MOYA SADI LEONARDO,PS,30379,46257,65.67
2012,13,EL MONTE,GOMEZ RAMIREZ FRANCISCO,PS,6747,13199,51.12
2012,13,ESTACION CENTRAL,DELGADO MOCARQUER RODRIGO,UDI,22170,45667,48.55
2012,13,HUECHURABA,CUADRADO PRATS CARLOS,PPD,12381,26317,47.05
2012,13,INDEPENDENCIA,DURAN BARONTI GONZALO,PS,16109,28442,56.64
2012,13,ISLA DE MAIPO,ADASME GODOY CARLOS FRANCISCO,PDC,5439,10717,50.75
2012,13,LA CISTERNA,REBOLLEDO PIZARRO SANTIAGO,PPD,17204,28935,59.46
2012,13,LA FLORIDA,CARTER FERNANDEZ RODOLFO,UDI,50676,107814,47.00
2012,13,LA GRANJA,DELPIN AGUILAR LUIS FELIPE,PDC,22877,30423,75.20
2012,13,LA PINTANA,PAVEZ MORENO JAIME,PPD,19784,36240,54.59
2012,13,LA REINA,DONCKASTER FERNANDEZ RAUL RENAN,PDC,12034,35658,33.75
2012,13,LAMPA,ORTUZAR NOVOA GRACIELA,RN,8871,19264,46.05
2012,13,LAS CONDES,DE LA MAZA CHADWICK FRANCISCO,UDI,64609,86931,74.32
2012,13,LO BARNECHEA,GUEVARA STEPHENS FELIPE,RN,18616,24857,74.89
2012,13,LO ESPEJO,BRUNA SILVA MIGUEL ANGEL,PPD,14969,28613,52.32
2012,13,LO PRADO,NAVARRETE MUÑOZ GONZALO,PPD,21974,33047,66.49
2012,13,MACUL,PUYOL CARREÑO SERGIO,PDC,16436,38496,42.70
2012,13,MAIPU,VITTORI MUÑOZ CHRISTIAN,PDC,60746,114050,53.26
2012,13,MARIA PINTO,ARAOS AGUIRRE CESAR,UDI,2809,5170,54.33
2012,13,MELIPILLA,GEBAUER BRINGAS MARIO,PPD,18135,35705,50.79
2012,13,ÑUÑOA,SABAT PIETRACAPRINA PEDRO ANTONIO,RN,34247,76330,44.87
2012,13,PADRE HURTADO,ARELLANO MERINO JOSE MIGUEL,RN,12528,16403,76.38
2012,13,PAINE,VERGARA RODRIGUEZ DIEGO,RN,13484,21681,62.19
2012,13,PEDRO AGUIRRE CERDA,NUÑEZ JIMENEZ CLAUDINA,PCCh,18548,38684,47.95
2012,13,PEÑAFLOR,FUENTES ROSALES MANUEL,UDI,15715,28072,55.98
2012,13,PEÑALOLEN,LEITAO ALVAREZ-SALAMANCA CAROLINA,PDC,34891,63022,55.36
2012,13,PIRQUE,BALMACEDA UNDURRAGA CRISTIAN,RN,4535,9011,50.33
2012,13,PROVIDENCIA,ERRAZURIZ GUILISASTI MARIA JOSEFA,IND,37680,67377,55.92
2012,13,PUDAHUEL,CARRASCO CERDA JOHNNY,PS,30502,47981,63.57
2012,13,PUENTE ALTO,CODINA POWERS GERMAN,RN,49308,90502,54.48
2012,13,QUILICURA,CARRASCO CONTRERAS JUAN,IND,27414,42521,64.47
2012,13,QUINTA NORMAL,FERNANDEZ VALENZUELA CARMEN GLORIA,PDC,11473,33865,33.88
2012,13,RECOLETA,JADUE JADUE DANIEL,PCCh,20502,49189,41.68
2012,13,RENCA,BARAHONA KUNSTMANN VICKY,UDI,21618,41284,52.36
2012,13,SAN BERNARDO,CUEVAS CONTRERAS NORA,UDI,33604,65944,50.96
2012,13,SAN JOAQUIN,ECHEVERRIA GARCIA SERGIO,IND,21843,27912,78.26
2012,13,SAN JOSE DE MAIPO,PEZOA ALVAREZ LUIS,RN,2740,7385,37.10
2012,13,SAN MIGUEL,PALESTRO VELASQUEZ JULIO,PS,19047,32901,57.89
2012,13,SAN PEDRO,FLORES ARMIJO FLORENTINO,PDC,2195,4524,48.52
2012,13,SAN RAMON,AGUILERA SANHUEZA MIGUEL ANGEL,PS,14913,29634,50.32
2012,13,SANTIAGO,TOHA MORALES CAROLINA,PPD,42520,84027,50.60
2012,13,TALAGANTE,LEIVA CARVAJAL RAUL,IND,21628,25383,85.21
2012,13,TIL-TIL,ORELLANA URZUA NELSON,IND,3337,6754,49.41
2012,13,VITACURA,TORREALBA DEL PEDREGAL RAUL,RN,26121,32568,80.20
2012,14,CORRAL,PEREZ GONZALEZ GASTON,IND,1676,3087,54.29
2012,14,FUTRONO,JARAMILLO ARISMENDI SARITA,PPD,3739,6691,55.88
2012,14,LA UNION,ASTUDILLO MAUTZ MARIA ANGELICA,PPD,9118,16764,54.39
2012,14,LAGO RANCO,ROSAS LOBOS SANTIAGO,PDC,2479,4728,52.43
2012,14,LANCO,PEÑA RIQUELME ROLANDO,RN,4877,7991,61.03
2012,14,LOS LAGOS,MANSILLA ROA SIMON SEBASTIAN,PS,3046,8602,35.41
2012,14,MAFIL,SEPULVEDA MIRANDA CLAUDIO,PPD,2098,3752,55.92
2012,14,MARIQUINA,PACHECO AYALA ERWIN,PDC,5079,9185,55.30
2012,14,PAILLACO,REYES PAINEQUEO RAMONA,PS,5282,10018,52.73
2012,14,PANGUIPULLI,ARAVENA RIFFO RENE,RN,6243,13583,45.96
2012,14,RIO BUENO,REYES ALVAREZ LUIS,UDI,8780,15406,56.99
2012,14,VALDIVIA,SABAT GUZMAN OMAR,IND,22565,45026,50.12
2012,1,ARICA,URRUTIA CARDENAS SALVADOR PEDRO,PRO,17687,49738,35.56
2012,1,CAMARONES,ROMERO MENACHO MARTIN IVAN,IND,1157,2560,45.20
2012,1,GENERAL LAGOS,MENDOZA CHURA GREGORIO MARIO,RN,629,1261,49.88
2012,1,PUTRE,CARRASCO ARIAS ANGELO ALEJANDRO,PPD,1488,2672,55.69
